============================================================
  Generated by:           Genus(TM) Synthesis Solution 19.12-s121_1
  Generated on:           Dec 07 2024  01:27:27 am
  Module:                 soc
  Library domain:         timing_tt_0p80v_25c
    Domain index:         0
    Technology libraries: tcbn22ullbwp7t30p140tt0p8v25c 110
                          sram128x128_tt_typical_0p80v_0p80v_25c 1.1
                          sram128x46_tt_typical_0p80v_0p80v_25c 1.1
                          sram1024x64_tt_typical_0p80v_0p80v_25c 1.1
  Library domain:         timing_tt_0p80v_85c
    Domain index:         1
    Technology libraries: tcbn22ullbwp7t30p140tt0p8v85c 110
                          sram128x128_tt_typical_0p80v_0p80v_85c 1.1
                          sram128x46_tt_typical_0p80v_0p80v_85c 1.1
                          sram1024x64_tt_typical_0p80v_0p80v_85c 1.1
  Operating conditions:   tt0p8v25c 
  Operating conditions:   tt0p8v85c 
  Interconnect mode:      global
  Area mode:              physical library
============================================================

                           Instance                                                  Module                        Cell Count  Cell Area  Net Area   Combinational    Buffer    Inverter     Flop     Latch   Clock-Gate    Memory    Macro   Total Area 
---------------------------------------------------------------------------------------------------------------------------------------------------------------------------------------------------------------------------------------------------------
soc                                                                                                                    151634 226339.594 52840.035       59321.360  10620.750   2549.764  74822.020   0.000      965.790  78059.910   0.000   279179.630 
  i_axi2mem                                                    axi2mem_slave_AXI_BUS_Slave                               1603   1315.846   580.698         886.802     61.152     30.576    332.906   0.000        4.410      0.000   0.000     1896.544 
  i_axi2rom                                                    axi2mem_slave_AXI_BUS_Slave_1                             1545   1268.806   545.806         830.256     72.716     35.966    325.458   0.000        4.410      0.000   0.000     1814.612 
  i_cpu                                                        cva6                                                     97838 141519.284 35568.430       40928.524   7155.568   1848.182  38119.746   0.000      488.040  52979.224   0.000   177087.714 
    commit_stage_i                                             commit_stage                                               465    274.400    86.449         193.550     52.430     28.420      0.000   0.000        0.000      0.000   0.000      360.849 
    controller_i                                               controller                                                   7      7.742     0.710           7.742      0.000      0.000      0.000   0.000        0.000      0.000   0.000        8.452 
    csr_regfile_i                                              csr_regfile                                               5328   5427.926  1592.288        1761.158    409.150     85.750   3107.188   0.000       64.680      0.000   0.000     7020.214 
    ex_stage_i                                                 ex_stage                                                 27819  22782.060  9770.755       16321.606   1119.650    665.910   4636.674   0.000       38.220      0.000   0.000    32552.815 
      branch_unit_i                                            branch_unit                                                839    504.896   216.895         475.398     17.444     12.054      0.000   0.000        0.000      0.000   0.000      721.791 
      lsu_i                                                    load_store_unit                                           5354   5971.238  1539.472        1796.340    377.692     88.102   3682.644   0.000       26.460      0.000   0.000     7510.710 
        i_load_unit                                            load_unit                                                  363    245.098   105.710         148.470     12.642     11.270     68.306   0.000        4.410      0.000   0.000      350.808 
          ldbuf_free_index_multi_gen.lzc_windex_i              lzc_0_33                                                     2      0.490     0.000           0.294      0.000      0.196      0.000   0.000        0.000      0.000   0.000        0.490 
        i_store_unit                                           store_unit                                                3091   3745.266   926.107        1004.108    237.552     43.610   2442.356   0.000       17.640      0.000   0.000     4671.373 
          genblk1.i_amo_buffer                                 amo_buffer                                                 308    446.390    61.384          88.886     52.528      5.292    298.214   0.000        1.470      0.000   0.000      507.774 
            i_amo_fifo                                         fifo_v3_9                                                  306    445.508    60.678          88.004     52.528      5.292    298.214   0.000        1.470      0.000   0.000      506.186 
          store_buffer_i                                       store_buffer                                              2303   2897.664   677.919         726.572    142.198     24.598   1989.596   0.000       14.700      0.000   0.000     3575.583 
        lsu_bypass_i                                           lsu_bypass                                                 948    997.640   272.229         303.114     96.824     15.288    578.004   0.000        4.410      0.000   0.000     1269.869 
        i_pipe_reg_load                                        shift_reg                                                  197    366.814     0.000           0.000      0.000      0.000    366.814   0.000        0.000      0.000   0.000      366.814 
      csr_buffer_i                                             csr_buffer                                                  18     27.342     1.013           1.274      0.000      0.196     24.402   0.000        1.470      0.000   0.000       28.355 
      i_mult                                                   mult                                                     15632  12781.258  5625.320       11054.498    505.582    434.042    778.316   0.000        8.820      0.000   0.000    18406.578 
        i_div                                                  serdiv                                                    2436   1685.110   808.627        1165.416     70.756     48.314    394.744   0.000        5.880      0.000   0.000     2493.737 
          i_lzc_a                                              lzc_8_1                                                    113     47.824    30.629          44.492      0.000      3.332      0.000   0.000        0.000      0.000   0.000       78.453 
          i_lzc_b                                              lzc_8_2                                                    118     47.530    31.648          44.198      0.000      3.332      0.000   0.000        0.000      0.000   0.000       79.178 
        i_multiplier                                           multiplier                                               12907  10920.336  4676.065        9767.660    383.278    384.748    381.710   0.000        2.940      0.000   0.000    15596.401 
      alu_i                                                    alu                                                       5001   2854.642  1891.417        2596.118    138.768    119.756      0.000   0.000        0.000      0.000   0.000     4746.059 
        gen_bitmanip.genblk1.i_clz_32b                         lzc_9                                                       70     24.500    15.819          23.324      0.000      1.176      0.000   0.000        0.000      0.000   0.000       40.319 
        gen_bitmanip.i_clz_64b                                 lzc_8                                                      115     48.216    31.037          45.080      0.000      3.136      0.000   0.000        0.000      0.000   0.000       79.253 
        gen_bitmanip.i_cpop_count                              popcount_0                                                 120    191.982    47.472         191.982      0.000      0.000      0.000   0.000        0.000      0.000   0.000      239.454 
          non_leaf_node.left_child                             popcount_1_3843                                             57     90.454    22.004          90.454      0.000      0.000      0.000   0.000        0.000      0.000   0.000      112.458 
            non_leaf_node.left_child                           popcount_2_3842                                             26     40.670     9.576          40.670      0.000      0.000      0.000   0.000        0.000      0.000   0.000       50.246 
              non_leaf_node.left_child                         popcount_3                                                  11     16.758     3.667          16.758      0.000      0.000      0.000   0.000        0.000      0.000   0.000       20.425 
                non_leaf_node.left_child                       popcount_4                                                   4      5.782     1.019           5.782      0.000      0.000      0.000   0.000        0.000      0.000   0.000        6.801 
                  non_leaf_node.left_child                     popcount                                                     1      1.274     0.000           1.274      0.000      0.000      0.000   0.000        0.000      0.000   0.000        1.274 
                  non_leaf_node.right_child                    popcount_2                                                   1      1.274     0.000           1.274      0.000      0.000      0.000   0.000        0.000      0.000   0.000        1.274 
                non_leaf_node.right_child                      popcount_4_1                                                 4      5.782     1.019           5.782      0.000      0.000      0.000   0.000        0.000      0.000   0.000        6.801 
                  non_leaf_node.left_child                     popcount_5                                                   1      1.274     0.000           1.274      0.000      0.000      0.000   0.000        0.000      0.000   0.000        1.274 
                  non_leaf_node.right_child                    popcount_6                                                   1      1.274     0.000           1.274      0.000      0.000      0.000   0.000        0.000      0.000   0.000        1.274 
              non_leaf_node.right_child                        popcount_3_1                                                11     16.758     3.667          16.758      0.000      0.000      0.000   0.000        0.000      0.000   0.000       20.425 
                non_leaf_node.left_child                       popcount_4_2                                                 4      5.782     1.019           5.782      0.000      0.000      0.000   0.000        0.000      0.000   0.000        6.801 
                  non_leaf_node.left_child                     popcount_7                                                   1      1.274     0.000           1.274      0.000      0.000      0.000   0.000        0.000      0.000   0.000        1.274 
                  non_leaf_node.right_child                    popcount_8                                                   1      1.274     0.000           1.274      0.000      0.000      0.000   0.000        0.000      0.000   0.000        1.274 
                non_leaf_node.right_child                      popcount_4_3                                                 4      5.782     1.019           5.782      0.000      0.000      0.000   0.000        0.000      0.000   0.000        6.801 
                  non_leaf_node.left_child                     popcount_9                                                   1      1.274     0.000           1.274      0.000      0.000      0.000   0.000        0.000      0.000   0.000        1.274 
                  non_leaf_node.right_child                    popcount_10                                                  1      1.274     0.000           1.274      0.000      0.000      0.000   0.000        0.000      0.000   0.000        1.274 
            non_leaf_node.right_child                          popcount_2_3842_1                                           26     40.670     9.576          40.670      0.000      0.000      0.000   0.000        0.000      0.000   0.000       50.246 
              non_leaf_node.left_child                         popcount_3_2                                                11     16.758     3.667          16.758      0.000      0.000      0.000   0.000        0.000      0.000   0.000       20.425 
                non_leaf_node.left_child                       popcount_4_4                                                 4      5.782     1.019           5.782      0.000      0.000      0.000   0.000        0.000      0.000   0.000        6.801 
                  non_leaf_node.left_child                     popcount_11                                                  1      1.274     0.000           1.274      0.000      0.000      0.000   0.000        0.000      0.000   0.000        1.274 
                  non_leaf_node.right_child                    popcount_12                                                  1      1.274     0.000           1.274      0.000      0.000      0.000   0.000        0.000      0.000   0.000        1.274 
                non_leaf_node.right_child                      popcount_4_5                                                 4      5.782     1.019           5.782      0.000      0.000      0.000   0.000        0.000      0.000   0.000        6.801 
                  non_leaf_node.left_child                     popcount_13                                                  1      1.274     0.000           1.274      0.000      0.000      0.000   0.000        0.000      0.000   0.000        1.274 
                  non_leaf_node.right_child                    popcount_14                                                  1      1.274     0.000           1.274      0.000      0.000      0.000   0.000        0.000      0.000   0.000        1.274 
              non_leaf_node.right_child                        popcount_3_3                                                11     16.758     3.667          16.758      0.000      0.000      0.000   0.000        0.000      0.000   0.000       20.425 
                non_leaf_node.left_child                       popcount_4_6                                                 4      5.782     1.019           5.782      0.000      0.000      0.000   0.000        0.000      0.000   0.000        6.801 
                  non_leaf_node.left_child                     popcount_15                                                  1      1.274     0.000           1.274      0.000      0.000      0.000   0.000        0.000      0.000   0.000        1.274 
                  non_leaf_node.right_child                    popcount_16                                                  1      1.274     0.000           1.274      0.000      0.000      0.000   0.000        0.000      0.000   0.000        1.274 
                non_leaf_node.right_child                      popcount_4_7                                                 4      5.782     1.019           5.782      0.000      0.000      0.000   0.000        0.000      0.000   0.000        6.801 
                  non_leaf_node.left_child                     popcount_17                                                  1      1.274     0.000           1.274      0.000      0.000      0.000   0.000        0.000      0.000   0.000        1.274 
                  non_leaf_node.right_child                    popcount_18                                                  1      1.274     0.000           1.274      0.000      0.000      0.000   0.000        0.000      0.000   0.000        1.274 
          non_leaf_node.right_child                            popcount_1_3843_1                                           57     90.454    22.004          90.454      0.000      0.000      0.000   0.000        0.000      0.000   0.000      112.458 
            non_leaf_node.left_child                           popcount_2_3842_2                                           26     40.670     9.576          40.670      0.000      0.000      0.000   0.000        0.000      0.000   0.000       50.246 
              non_leaf_node.left_child                         popcount_3_4                                                11     16.758     3.667          16.758      0.000      0.000      0.000   0.000        0.000      0.000   0.000       20.425 
                non_leaf_node.left_child                       popcount_4_8                                                 4      5.782     1.019           5.782      0.000      0.000      0.000   0.000        0.000      0.000   0.000        6.801 
                  non_leaf_node.left_child                     popcount_19                                                  1      1.274     0.000           1.274      0.000      0.000      0.000   0.000        0.000      0.000   0.000        1.274 
                  non_leaf_node.right_child                    popcount_20                                                  1      1.274     0.000           1.274      0.000      0.000      0.000   0.000        0.000      0.000   0.000        1.274 
                non_leaf_node.right_child                      popcount_4_9                                                 4      5.782     1.019           5.782      0.000      0.000      0.000   0.000        0.000      0.000   0.000        6.801 
                  non_leaf_node.left_child                     popcount_21                                                  1      1.274     0.000           1.274      0.000      0.000      0.000   0.000        0.000      0.000   0.000        1.274 
                  non_leaf_node.right_child                    popcount_22                                                  1      1.274     0.000           1.274      0.000      0.000      0.000   0.000        0.000      0.000   0.000        1.274 
              non_leaf_node.right_child                        popcount_3_5                                                11     16.758     3.667          16.758      0.000      0.000      0.000   0.000        0.000      0.000   0.000       20.425 
                non_leaf_node.left_child                       popcount_4_10                                                4      5.782     1.019           5.782      0.000      0.000      0.000   0.000        0.000      0.000   0.000        6.801 
                  non_leaf_node.left_child                     popcount_23                                                  1      1.274     0.000           1.274      0.000      0.000      0.000   0.000        0.000      0.000   0.000        1.274 
                  non_leaf_node.right_child                    popcount_24                                                  1      1.274     0.000           1.274      0.000      0.000      0.000   0.000        0.000      0.000   0.000        1.274 
                non_leaf_node.right_child                      popcount_4_11                                                4      5.782     1.019           5.782      0.000      0.000      0.000   0.000        0.000      0.000   0.000        6.801 
                  non_leaf_node.left_child                     popcount_25                                                  1      1.274     0.000           1.274      0.000      0.000      0.000   0.000        0.000      0.000   0.000        1.274 
                  non_leaf_node.right_child                    popcount_26                                                  1      1.274     0.000           1.274      0.000      0.000      0.000   0.000        0.000      0.000   0.000        1.274 
            non_leaf_node.right_child                          popcount_2_3842_3                                           26     40.670     9.576          40.670      0.000      0.000      0.000   0.000        0.000      0.000   0.000       50.246 
              non_leaf_node.left_child                         popcount_3_6                                                11     16.758     3.667          16.758      0.000      0.000      0.000   0.000        0.000      0.000   0.000       20.425 
                non_leaf_node.left_child                       popcount_4_12                                                4      5.782     1.019           5.782      0.000      0.000      0.000   0.000        0.000      0.000   0.000        6.801 
                  non_leaf_node.left_child                     popcount_27                                                  1      1.274     0.000           1.274      0.000      0.000      0.000   0.000        0.000      0.000   0.000        1.274 
                  non_leaf_node.right_child                    popcount_28                                                  1      1.274     0.000           1.274      0.000      0.000      0.000   0.000        0.000      0.000   0.000        1.274 
                non_leaf_node.right_child                      popcount_4_13                                                4      5.782     1.019           5.782      0.000      0.000      0.000   0.000        0.000      0.000   0.000        6.801 
                  non_leaf_node.left_child                     popcount_29                                                  1      1.274     0.000           1.274      0.000      0.000      0.000   0.000        0.000      0.000   0.000        1.274 
                  non_leaf_node.right_child                    popcount_30                                                  1      1.274     0.000           1.274      0.000      0.000      0.000   0.000        0.000      0.000   0.000        1.274 
              non_leaf_node.right_child                        popcount_3_7                                                11     16.758     3.667          16.758      0.000      0.000      0.000   0.000        0.000      0.000   0.000       20.425 
                non_leaf_node.left_child                       popcount_4_14                                                4      5.782     1.019           5.782      0.000      0.000      0.000   0.000        0.000      0.000   0.000        6.801 
                  non_leaf_node.left_child                     popcount_31                                                  1      1.274     0.000           1.274      0.000      0.000      0.000   0.000        0.000      0.000   0.000        1.274 
                  non_leaf_node.right_child                    popcount_32                                                  1      1.274     0.000           1.274      0.000      0.000      0.000   0.000        0.000      0.000   0.000        1.274 
                non_leaf_node.right_child                      popcount_4_15                                                4      5.782     1.019           5.782      0.000      0.000      0.000   0.000        0.000      0.000   0.000        6.801 
                  non_leaf_node.left_child                     popcount_33                                                  1      1.274     0.000           1.274      0.000      0.000      0.000   0.000        0.000      0.000   0.000        1.274 
                  non_leaf_node.right_child                    popcount_1                                                   1      1.274     0.000           1.274      0.000      0.000      0.000   0.000        0.000      0.000   0.000        1.274 
    gen_cache_wt.i_cache_subsystem                             wt_cache_subsystem                                       15348  66257.538  5536.620        6252.400   1076.726    191.982   5552.876   0.000      204.330  52979.224   0.000    71794.158 
      i_cva6_icache                                            cva6_icache                                                913  27269.104   310.465         407.680    100.744      9.996    253.722   0.000        7.350  26489.612   0.000    27579.569 
        i_lzc                                                  lzc_10                                                       2      0.490     0.000           0.294      0.000      0.196      0.000   0.000        0.000      0.000   0.000        0.490 
        i_lfsr                                                 lfsr                                                        10     19.796     2.027           0.000      0.000      0.196     18.130   0.000        1.470      0.000   0.000       21.823 
        i_lzc_hit                                              lzc_10_1                                                     2      0.490     0.000           0.294      0.000      0.196      0.000   0.000        0.000      0.000   0.000        0.490 
      i_adapter                                                wt_axi_adapter                                            2952   3699.500   801.590         937.174    210.602     58.016   2461.368   0.000       32.340      0.000   0.000     4501.090 
        i_axi_shim                                             axi_shim                                                    18      9.408     3.338           5.292      0.000      0.392      3.724   0.000        0.000      0.000   0.000       12.746 
        i_b_fifo                                               fifo_v3_14                                                  77     90.552    25.175          23.912      0.000      1.176     61.054   0.000        4.410      0.000   0.000      115.727 
        i_dcache_data_fifo                                     fifo_v3_12                                                1157   1482.740   372.151         412.874    114.660     17.640    934.626   0.000        2.940      0.000   0.000     1854.891 
        i_icache_data_fifo                                     fifo_v3_11                                                 439    464.422   148.762         120.442     25.676     24.108    291.256   0.000        2.940      0.000   0.000      613.184 
        i_rd_dcache_id                                         fifo_v3_13                                                  48     52.528    14.016          14.994      0.000      0.784     32.340   0.000        4.410      0.000   0.000       66.544 
        i_rd_icache_id                                         fifo_v3_13_1                                                48     52.528    14.016          14.994      0.000      0.784     32.340   0.000        4.410      0.000   0.000       66.544 
        i_rr_arb_tree                                          rr_arb_tree_10                                              22     16.072     4.952           5.880      0.000      0.784      7.938   0.000        1.470      0.000   0.000       21.024 
          gen_arbiter.gen_int_rr.gen_fair_arb.i_lzc_lower      lzc_0_1                                                      2      0.490     0.000           0.294      0.000      0.196      0.000   0.000        0.000      0.000   0.000        0.490 
          gen_arbiter.gen_int_rr.gen_fair_arb.i_lzc_upper      lzc_0_34                                                     1      0.196     0.000           0.000      0.000      0.196      0.000   0.000        0.000      0.000   0.000        0.196 
        i_wr_dcache_id                                         fifo_v3_13_2                                                48     53.116    13.421          16.072      0.000      0.784     31.850   0.000        4.410      0.000   0.000       66.537 
      i_wt_dcache                                              wt_dcache                                                11483  35288.934  4115.589        4907.546    765.380    123.970   2837.786   0.000      164.640  26489.612   0.000    39404.523 
        gen_rd_ports[1].genblk1.i_wt_dcache_ctrl               wt_dcache_ctrl                                             245    205.702    39.134          64.778      0.490     12.054    123.970   0.000        4.410      0.000   0.000      244.836 
        i_wt_dcache_mem                                        wt_dcache_mem                                             2701  28103.672   918.543        1361.220    204.820     22.148     25.872   0.000        0.000  26489.612   0.000    29022.215 
          i_lzc_rd_hit                                         lzc_10_3                                                     2      0.490     0.000           0.294      0.000      0.196      0.000   0.000        0.000      0.000   0.000        0.490 
          i_lzc_wbuffer_hit                                    lzc_12                                                      13      4.606     2.131           4.410      0.000      0.196      0.000   0.000        0.000      0.000   0.000        6.737 
          i_rr_arb_tree                                        rr_arb_tree_9                                               20     11.466     4.148           6.174      0.000      0.588      4.704   0.000        0.000      0.000   0.000       15.614 
            gen_arbiter.gen_int_rr.gen_fair_arb.i_lzc_lower    lzc_13_3                                                     2      0.490     0.000           0.294      0.000      0.196      0.000   0.000        0.000      0.000   0.000        0.490 
            gen_arbiter.gen_int_rr.gen_fair_arb.i_lzc_upper    lzc_13                                                       2      0.490     0.000           0.294      0.000      0.196      0.000   0.000        0.000      0.000   0.000        0.490 
        i_wt_dcache_missunit                                   wt_dcache_missunit                                        1391   1050.168   362.690         661.892     90.454     23.716    262.346   0.000       11.760      0.000   0.000     1412.858 
          i_exp_backoff                                        exp_backoff                                                148    137.690    44.426          41.258      0.882      1.568     89.572   0.000        4.410      0.000   0.000      182.116 
          i_lfsr_inv                                           lfsr_1                                                      10     19.796     2.027           0.000      0.000      0.196     18.130   0.000        1.470      0.000   0.000       21.823 
          i_lzc_inv                                            lzc_10_2                                                     2      0.490     0.000           0.294      0.000      0.196      0.000   0.000        0.000      0.000   0.000        0.490 
          i_lzc_reqs                                           lzc_11                                                       2      0.490     0.000           0.294      0.000      0.196      0.000   0.000        0.000      0.000   0.000        0.490 
        i_wt_dcache_wbuffer                                    wt_dcache_wbuffer                                         7146   5929.392  1769.303        2819.656    469.616     66.052   2425.598   0.000      148.470      0.000   0.000     7698.695 
          i_clean_rr                                           rr_arb_tree_8                                              948    608.580   283.346         424.634    160.328     15.092      7.056   0.000        1.470      0.000   0.000      891.926 
            gen_arbiter.gen_int_rr.gen_fair_arb.i_lzc_lower    lzc_14_3                                                    13      4.606     2.131           4.410      0.000      0.196      0.000   0.000        0.000      0.000   0.000        6.737 
            gen_arbiter.gen_int_rr.gen_fair_arb.i_lzc_upper    lzc_14                                                      11      4.312     1.724           3.724      0.000      0.588      0.000   0.000        0.000      0.000   0.000        6.036 
          i_dirty_rr                                           rr_arb_tree_7                                              849    610.638   267.240         457.072    122.010      4.802     23.814   0.000        2.940      0.000   0.000      877.878 
            gen_arbiter.gen_int_rr.gen_fair_arb.i_lzc_lower    lzc_14_1                                                    13      4.606     2.131           4.410      0.000      0.196      0.000   0.000        0.000      0.000   0.000        6.737 
            gen_arbiter.gen_int_rr.gen_fair_arb.i_lzc_upper    lzc_14_2                                                    11      4.312     1.724           3.724      0.000      0.588      0.000   0.000        0.000      0.000   0.000        6.036 
          i_hit_lzc                                            lzc_12_2                                                    13      4.606     2.131           4.410      0.000      0.196      0.000   0.000        0.000      0.000   0.000        6.737 
          i_rtrn_id_fifo                                       fifo_v3_10                                                  48     53.998    13.928          16.660      0.000      0.588     32.340   0.000        4.410      0.000   0.000       67.926 
          i_tx_id_rr                                           rr_arb_tree_6                                               46     33.516    12.204          15.974      0.000      0.490     14.112   0.000        2.940      0.000   0.000       45.720 
            gen_arbiter.gen_int_rr.gen_fair_arb.i_lzc_lower    lzc_13_1                                                     3      1.666     0.000           1.666      0.000      0.000      0.000   0.000        0.000      0.000   0.000        1.666 
            gen_arbiter.gen_int_rr.gen_fair_arb.i_lzc_upper    lzc_13_2                                                     3      0.882     0.000           0.686      0.000      0.196      0.000   0.000        0.000      0.000   0.000        0.882 
          i_vld_bdirty                                         lzc_12_3                                                    13      5.292     2.131           4.900      0.000      0.392      0.000   0.000        0.000      0.000   0.000        7.423 
          i_vld_lzc                                            lzc_12_1                                                    13      4.508     2.131           4.312      0.000      0.196      0.000   0.000        0.000      0.000   0.000        6.639 
    issue_stage_i                                              issue_stage                                              30659  29059.940 10638.833       10419.752   3263.988    537.236  14743.414   0.000       95.550      0.000   0.000    39698.773 
      i_scoreboard                                             scoreboard                                               23485  20587.938  7894.389        8549.520   2144.828    423.752   9419.858   0.000       49.980      0.000   0.000    28482.327 
        gen_sel_clobbers[1].i_sel_gpr_clobbers                 rr_arb_tree_4_31                                            39     20.874    10.088          20.286      0.000      0.588      0.000   0.000        0.000      0.000   0.000       30.962 
        gen_sel_clobbers[2].i_sel_gpr_clobbers                 rr_arb_tree_4_2                                             39     20.874    10.088          20.286      0.000      0.588      0.000   0.000        0.000      0.000   0.000       30.962 
        gen_sel_clobbers[3].i_sel_gpr_clobbers                 rr_arb_tree_4_3                                             39     20.874    10.088          20.286      0.000      0.588      0.000   0.000        0.000      0.000   0.000       30.962 
        gen_sel_clobbers[4].i_sel_gpr_clobbers                 rr_arb_tree_4_4                                             39     20.874    10.088          20.286      0.000      0.588      0.000   0.000        0.000      0.000   0.000       30.962 
        gen_sel_clobbers[5].i_sel_gpr_clobbers                 rr_arb_tree_4_5                                             39     20.874    10.088          20.286      0.000      0.588      0.000   0.000        0.000      0.000   0.000       30.962 
        gen_sel_clobbers[6].i_sel_gpr_clobbers                 rr_arb_tree_4_6                                             39     20.874    10.088          20.286      0.000      0.588      0.000   0.000        0.000      0.000   0.000       30.962 
        gen_sel_clobbers[7].i_sel_gpr_clobbers                 rr_arb_tree_4_7                                             39     20.874    10.088          20.286      0.000      0.588      0.000   0.000        0.000      0.000   0.000       30.962 
        gen_sel_clobbers[8].i_sel_gpr_clobbers                 rr_arb_tree_4_8                                             39     20.874    10.088          20.286      0.000      0.588      0.000   0.000        0.000      0.000   0.000       30.962 
        gen_sel_clobbers[9].i_sel_gpr_clobbers                 rr_arb_tree_4_9                                             39     20.874    10.088          20.286      0.000      0.588      0.000   0.000        0.000      0.000   0.000       30.962 
        gen_sel_clobbers[10].i_sel_gpr_clobbers                rr_arb_tree_4_10                                            39     20.580    10.088          19.992      0.000      0.588      0.000   0.000        0.000      0.000   0.000       30.668 
        gen_sel_clobbers[11].i_sel_gpr_clobbers                rr_arb_tree_4_11                                            39     20.580    10.088          19.992      0.000      0.588      0.000   0.000        0.000      0.000   0.000       30.668 
        gen_sel_clobbers[12].i_sel_gpr_clobbers                rr_arb_tree_4_12                                            39     20.874    10.088          20.286      0.000      0.588      0.000   0.000        0.000      0.000   0.000       30.962 
        gen_sel_clobbers[13].i_sel_gpr_clobbers                rr_arb_tree_4_13                                            39     20.874    10.088          20.286      0.000      0.588      0.000   0.000        0.000      0.000   0.000       30.962 
        gen_sel_clobbers[14].i_sel_gpr_clobbers                rr_arb_tree_4_14                                            39     20.580    10.088          19.992      0.000      0.588      0.000   0.000        0.000      0.000   0.000       30.668 
        gen_sel_clobbers[15].i_sel_gpr_clobbers                rr_arb_tree_4_15                                            39     20.874    10.088          20.286      0.000      0.588      0.000   0.000        0.000      0.000   0.000       30.962 
        gen_sel_clobbers[16].i_sel_gpr_clobbers                rr_arb_tree_4_16                                            39     20.874    10.088          20.286      0.000      0.588      0.000   0.000        0.000      0.000   0.000       30.962 
        gen_sel_clobbers[17].i_sel_gpr_clobbers                rr_arb_tree_4_17                                            39     20.580    10.088          19.992      0.000      0.588      0.000   0.000        0.000      0.000   0.000       30.668 
        gen_sel_clobbers[18].i_sel_gpr_clobbers                rr_arb_tree_4_18                                            39     20.874    10.088          20.286      0.000      0.588      0.000   0.000        0.000      0.000   0.000       30.962 
        gen_sel_clobbers[19].i_sel_gpr_clobbers                rr_arb_tree_4_19                                            39     20.874    10.088          20.286      0.000      0.588      0.000   0.000        0.000      0.000   0.000       30.962 
        gen_sel_clobbers[20].i_sel_gpr_clobbers                rr_arb_tree_4_20                                            39     20.874    10.088          20.286      0.000      0.588      0.000   0.000        0.000      0.000   0.000       30.962 
        gen_sel_clobbers[21].i_sel_gpr_clobbers                rr_arb_tree_4_21                                            39     20.874    10.088          20.286      0.000      0.588      0.000   0.000        0.000      0.000   0.000       30.962 
        gen_sel_clobbers[22].i_sel_gpr_clobbers                rr_arb_tree_4_22                                            39     20.874    10.088          20.286      0.000      0.588      0.000   0.000        0.000      0.000   0.000       30.962 
        gen_sel_clobbers[23].i_sel_gpr_clobbers                rr_arb_tree_4_23                                            39     20.874    10.088          20.286      0.000      0.588      0.000   0.000        0.000      0.000   0.000       30.962 
        gen_sel_clobbers[24].i_sel_gpr_clobbers                rr_arb_tree_4_24                                            39     20.874    10.088          20.286      0.000      0.588      0.000   0.000        0.000      0.000   0.000       30.962 
        gen_sel_clobbers[25].i_sel_gpr_clobbers                rr_arb_tree_4_25                                            39     20.874    10.088          20.286      0.000      0.588      0.000   0.000        0.000      0.000   0.000       30.962 
        gen_sel_clobbers[26].i_sel_gpr_clobbers                rr_arb_tree_4_26                                            39     20.874    10.088          20.286      0.000      0.588      0.000   0.000        0.000      0.000   0.000       30.962 
        gen_sel_clobbers[27].i_sel_gpr_clobbers                rr_arb_tree_4_27                                            39     20.874    10.088          20.286      0.000      0.588      0.000   0.000        0.000      0.000   0.000       30.962 
        gen_sel_clobbers[28].i_sel_gpr_clobbers                rr_arb_tree_4_28                                            39     20.874    10.088          20.286      0.000      0.588      0.000   0.000        0.000      0.000   0.000       30.962 
        gen_sel_clobbers[29].i_sel_gpr_clobbers                rr_arb_tree_4_29                                            39     20.874    10.088          20.286      0.000      0.588      0.000   0.000        0.000      0.000   0.000       30.962 
        gen_sel_clobbers[30].i_sel_gpr_clobbers                rr_arb_tree_4_30                                            39     20.874    10.088          20.286      0.000      0.588      0.000   0.000        0.000      0.000   0.000       30.962 
        gen_sel_clobbers[31].i_sel_gpr_clobbers                rr_arb_tree_4_1                                             39     20.874    10.088          20.286      0.000      0.588      0.000   0.000        0.000      0.000   0.000       30.962 
        i_sel_rs1                                              rr_arb_tree_5                                              726    408.464   205.627         344.862     52.038     11.564      0.000   0.000        0.000      0.000   0.000      614.091 
        i_sel_rs2                                              rr_arb_tree_5_1                                            602    370.930   179.767         297.234     65.660      8.036      0.000   0.000        0.000      0.000   0.000      550.697 
        i_sel_rs3                                              rr_arb_tree_5_2                                            566    387.492   173.028         283.514     81.634     22.344      0.000   0.000        0.000      0.000   0.000      560.520 
      i_issue_read_operands                                    issue_read_operands                                       7173   8471.610  2662.885        1869.840   1119.160    113.484   5323.556   0.000       45.570      0.000   0.000    11134.495 
        gen_asic_regfile.i_ariane_regfile                      ariane_regfile                                            6121   7394.100  2416.227        1504.202   1065.260    102.312   4676.756   0.000       45.570      0.000   0.000     9810.327 
    i_frontend                                                 frontend                                                 13587  13828.682  4471.467        4291.028   1117.396    226.086   8128.022   0.000       66.150      0.000   0.000    18300.149 
      bht_gen.i_bht                                            bht                                                       2446   1599.556   745.676         717.458     94.472     66.248    719.908   0.000        1.470      0.000   0.000     2345.232 
      btb_gen.i_btb                                            btb                                                       3901   5047.490  1178.569         746.074    336.924     21.560   3894.422   0.000       48.510      0.000   0.000     6226.059 
      gen_instr_scan[0].i_instr_scan                           instr_scan                                                  85     42.924    14.748          36.750      2.548      3.626      0.000   0.000        0.000      0.000   0.000       57.672 
      gen_instr_scan[1].i_instr_scan                           instr_scan_1                                                71     34.594    11.608          31.556      0.882      2.156      0.000   0.000        0.000      0.000   0.000       46.202 
      i_instr_queue                                            instr_queue                                               4175   4769.072  1412.327        1517.824    539.000     57.330   2644.628   0.000       10.290      0.000   0.000     6181.399 
        gen_instr_fifo[0].i_fifo_instr_data                    fifo_v3_7                                                 1270   1597.596   439.746         441.686    182.868     16.072    954.030   0.000        2.940      0.000   0.000     2037.342 
        gen_instr_fifo[1].i_fifo_instr_data                    fifo_v3_7_1                                               1269   1583.680   439.542         440.608    176.694      9.408    954.030   0.000        2.940      0.000   0.000     2023.222 
        gen_multiple_instr_per_fetch_with_C.i_lzc_branch_index lzc_0_32                                                     2      0.490     0.000           0.294      0.000      0.196      0.000   0.000        0.000      0.000   0.000        0.490 
        gen_multiple_instr_per_fetch_with_C.i_popcount         popcount_34                                                  1      1.274     0.000           1.274      0.000      0.000      0.000   0.000        0.000      0.000   0.000        1.274 
        i_fifo_address                                         fifo_v3_8                                                  822   1054.088   284.245         294.882    130.438     14.602    611.226   0.000        2.940      0.000   0.000     1338.333 
      i_instr_realign                                          instr_realign                                              249    257.152    43.674          86.338      1.862     10.780    156.702   0.000        1.470      0.000   0.000      300.826 
      ras_gen.i_ras                                            ras                                                        225    344.666    56.912          46.452     20.384      2.940    273.420   0.000        1.470      0.000   0.000      401.578 
    gen_perf_counter.perf_counters_i                           perf_counters                                             2784   2151.982   922.910        1212.358     59.192     91.924    770.868   0.000       17.640      0.000   0.000     3074.892 
    id_stage_i                                                 id_stage                                                  1613   1616.706   347.248         390.530     23.324     20.678   1180.704   0.000        1.470      0.000   0.000     1963.954 
      decoder_i                                                decoder                                                    729    324.184   203.495         286.356     23.324     14.504      0.000   0.000        0.000      0.000   0.000      527.679 
      genblk1.compressed_decoder_i                             compressed_decoder                                         245    107.898    73.759         102.214      0.000      5.684      0.000   0.000        0.000      0.000   0.000      181.657 
  i_dm_axi2mem                                                 axi2mem_slave_AXI_BUS_Slave_2                             1629   1267.728   562.268         848.680     36.652     52.528    325.458   0.000        4.410      0.000   0.000     1829.996 
  i_dm_axi_master                                              axi_adapter                                                266    245.490    58.354          90.356      0.000      5.880    144.844   0.000        4.410      0.000   0.000      303.844 
  i_dmi_jtag                                                   dmi_jtag                                                   650    799.680   169.121         107.016     32.046      7.938    632.100   0.000       20.580      0.000   0.000      968.801 
    i_dmi_jtag_tap                                             dmi_jtag_tap                                               238    232.946    65.181          54.684     10.584      5.194    153.664   0.000        8.820      0.000   0.000      298.127 
      i_tck_inv                                                cluster_clock_inverter                                       1      0.196     0.000           0.000      0.000      0.196      0.000   0.000        0.000      0.000   0.000        0.196 
        i_tc_clk_inverter                                      tc_clk_inverter                                              1      0.196     0.000           0.000      0.000      0.196      0.000   0.000        0.000      0.000   0.000        0.196 
    i_dmi_cdc                                                  dmi_cdc                                                    188    321.440    22.375           8.820      0.000      1.372    305.368   0.000        5.880      0.000   0.000      343.815 
      i_cdc_req                                                cdc_2phase                                                 102    174.048    12.104           4.606      0.000      0.784    165.718   0.000        2.940      0.000   0.000      186.152 
        i_dst                                                  cdc_2phase_dst                                              52     88.788     1.928           3.332      0.000      0.196     83.790   0.000        1.470      0.000   0.000       90.716 
        i_src                                                  cdc_2phase_src                                              49     85.064     1.019           1.274      0.000      0.392     81.928   0.000        1.470      0.000   0.000       86.083 
      i_cdc_resp                                               cdc_2phase_0                                                85    147.196    10.271           4.214      0.000      0.392    139.650   0.000        2.940      0.000   0.000      157.467 
        i_dst                                                  cdc_2phase_dst_0                                            44     75.362     1.724           2.940      0.000      0.196     70.756   0.000        1.470      0.000   0.000       77.086 
        i_src                                                  cdc_2phase_src_0                                            41     71.834     0.815           1.274      0.000      0.196     68.894   0.000        1.470      0.000   0.000       72.649 
  i_axi_xbar                                                   axi_xbar_intf_slv_ports_AXI_BUS_Slave_mst_ports_AX       31584  37688.154  8864.447        9690.142   1978.816    298.900  25414.536   0.000      305.760      0.000   0.000    46552.601 
    i_xbar                                                     axi_xbar                                                 31584  37688.154  8864.447        9690.142   1978.816    298.900  25414.536   0.000      305.760      0.000   0.000    46552.601 
      gen_mst_port_mux[0].i_axi_mux                            axi_mux                                                   2801   3580.626   621.311         815.066    176.302     16.170   2555.448   0.000       17.640      0.000   0.000     4201.937 
        gen_mux.i_ar_arbiter                                   rr_arb_tree_2                                              210    148.568    26.330         117.012     18.914      3.234      7.938   0.000        1.470      0.000   0.000      174.898 
          gen_arbiter.gen_int_rr.gen_fair_arb.i_lzc_lower      lzc_0_35                                                     2      0.490     0.000           0.294      0.000      0.196      0.000   0.000        0.000      0.000   0.000        0.490 
          gen_arbiter.gen_int_rr.gen_fair_arb.i_lzc_upper      lzc_0                                                        1      0.196     0.000           0.000      0.000      0.196      0.000   0.000        0.000      0.000   0.000        0.196 
        gen_mux.i_ar_spill_reg                                 spill_register_7                                           518    750.876   105.068         113.484     25.676      0.784    607.992   0.000        2.940      0.000   0.000      855.944 
          spill_register_flushable_i                           spill_register_flushable_7                                 518    750.876   105.068         113.484     25.676      0.784    607.992   0.000        2.940      0.000   0.000      855.944 
        gen_mux.i_aw_arbiter                                   rr_arb_tree_1                                              219    160.622    27.536         121.128     29.302      0.784      7.938   0.000        1.470      0.000   0.000      188.158 
          gen_arbiter.gen_int_rr.gen_fair_arb.i_lzc_lower      lzc_0_3                                                      2      0.490     0.000           0.294      0.000      0.196      0.000   0.000        0.000      0.000   0.000        0.490 
          gen_arbiter.gen_int_rr.gen_fair_arb.i_lzc_upper      lzc_0_2                                                      1      0.196     0.000           0.000      0.000      0.196      0.000   0.000        0.000      0.000   0.000        0.196 
        gen_mux.i_aw_spill_reg                                 spill_register_4                                           542    779.100   109.926         117.600     23.814      4.410    630.336   0.000        2.940      0.000   0.000      889.026 
          spill_register_flushable_i                           spill_register_flushable_4                                 542    779.100   109.926         117.600     23.814      4.410    630.336   0.000        2.940      0.000   0.000      889.026 
        gen_mux.i_b_spill_reg                                  spill_register_6                                           237    335.160    48.292          51.058     11.662      0.392    269.108   0.000        2.940      0.000   0.000      383.452 
          spill_register_flushable_i                           spill_register_flushable_6                                 237    335.160    48.292          51.058     11.662      0.392    269.108   0.000        2.940      0.000   0.000      383.452 
        gen_mux.i_r_spill_reg                                  spill_register_8                                           443    636.706    89.923          95.746     24.206      2.646    511.168   0.000        2.940      0.000   0.000      726.629 
          spill_register_flushable_i                           spill_register_flushable_8                                 443    636.706    89.923          95.746     24.206      2.646    511.168   0.000        2.940      0.000   0.000      726.629 
        gen_mux.i_w_fifo                                       fifo_v3_4                                                    6      5.880     0.810           1.470      0.000      0.196      4.214   0.000        0.000      0.000   0.000        6.690 
        gen_mux.i_w_spill_reg                                  spill_register_5                                           447    637.882    90.733          96.334     23.324      0.392    514.892   0.000        2.940      0.000   0.000      728.615 
          spill_register_flushable_i                           spill_register_flushable_5                                 447    637.882    90.733          96.334     23.324      0.392    514.892   0.000        2.940      0.000   0.000      728.615 
      gen_mst_port_mux[1].i_axi_mux                            axi_mux_1                                                 2789   3571.414   618.866         815.262    163.856     19.208   2555.448   0.000       17.640      0.000   0.000     4190.280 
        gen_mux.i_ar_arbiter                                   rr_arb_tree_2_1                                            213    154.840    26.941         117.208     24.304      3.920      7.938   0.000        1.470      0.000   0.000      181.781 
          gen_arbiter.gen_int_rr.gen_fair_arb.i_lzc_lower      lzc_0_7                                                      2      0.490     0.000           0.294      0.000      0.196      0.000   0.000        0.000      0.000   0.000        0.490 
          gen_arbiter.gen_int_rr.gen_fair_arb.i_lzc_upper      lzc_0_6                                                      1      0.196     0.000           0.000      0.000      0.196      0.000   0.000        0.000      0.000   0.000        0.196 
        gen_mux.i_ar_spill_reg                                 spill_register_7_1                                         519    748.720   105.271         113.484     23.912      0.392    607.992   0.000        2.940      0.000   0.000      853.991 
          spill_register_flushable_i                           spill_register_flushable_7_1                               519    748.720   105.271         113.484     23.912      0.392    607.992   0.000        2.940      0.000   0.000      853.991 
        gen_mux.i_aw_arbiter                                   rr_arb_tree_1_1                                            211    150.920    25.906         121.128     18.228      2.156      7.938   0.000        1.470      0.000   0.000      176.826 
          gen_arbiter.gen_int_rr.gen_fair_arb.i_lzc_lower      lzc_0_5                                                      2      0.490     0.000           0.294      0.000      0.196      0.000   0.000        0.000      0.000   0.000        0.490 
          gen_arbiter.gen_int_rr.gen_fair_arb.i_lzc_upper      lzc_0_4                                                      1      0.196     0.000           0.000      0.000      0.196      0.000   0.000        0.000      0.000   0.000        0.196 
        gen_mux.i_aw_spill_reg                                 spill_register_4_1                                         538    777.336   109.111         117.600     26.068      0.392    630.336   0.000        2.940      0.000   0.000      886.447 
          spill_register_flushable_i                           spill_register_flushable_4_1                               538    777.336   109.111         117.600     26.068      0.392    630.336   0.000        2.940      0.000   0.000      886.447 
        gen_mux.i_b_spill_reg                                  spill_register_6_1                                         237    337.904    48.292          51.058     14.406      0.392    269.108   0.000        2.940      0.000   0.000      386.196 
          spill_register_flushable_i                           spill_register_flushable_6_1                               237    337.904    48.292          51.058     14.406      0.392    269.108   0.000        2.940      0.000   0.000      386.196 
        gen_mux.i_r_spill_reg                                  spill_register_8_1                                         440    628.376    89.312          95.746     14.994      3.528    511.168   0.000        2.940      0.000   0.000      717.688 
          spill_register_flushable_i                           spill_register_flushable_8_1                               440    628.376    89.312          95.746     14.994      3.528    511.168   0.000        2.940      0.000   0.000      717.688 
        gen_mux.i_w_fifo                                       fifo_v3_4_1                                                  6      5.880     0.810           1.470      0.000      0.196      4.214   0.000        0.000      0.000   0.000        6.690 
        gen_mux.i_w_spill_reg                                  spill_register_5_1                                         446    641.606    90.529          96.334     22.540      4.900    514.892   0.000        2.940      0.000   0.000      732.135 
          spill_register_flushable_i                           spill_register_flushable_5_1                               446    641.606    90.529          96.334     22.540      4.900    514.892   0.000        2.940      0.000   0.000      732.135 
      gen_mst_port_mux[2].i_axi_mux                            axi_mux_2                                                 2770   3550.050   614.995         814.870    135.730     26.362   2555.448   0.000       17.640      0.000   0.000     4165.045 
        gen_mux.i_ar_arbiter                                   rr_arb_tree_2_2                                            196    135.044    23.477         117.012      8.036      0.588      7.938   0.000        1.470      0.000   0.000      158.521 
          gen_arbiter.gen_int_rr.gen_fair_arb.i_lzc_lower      lzc_0_11                                                     2      0.490     0.000           0.294      0.000      0.196      0.000   0.000        0.000      0.000   0.000        0.490 
          gen_arbiter.gen_int_rr.gen_fair_arb.i_lzc_upper      lzc_0_10                                                     1      0.196     0.000           0.000      0.000      0.196      0.000   0.000        0.000      0.000   0.000        0.196 
        gen_mux.i_ar_spill_reg                                 spill_register_7_2                                         522    760.872   105.883         113.484     26.852      9.604    607.992   0.000        2.940      0.000   0.000      866.755 
          spill_register_flushable_i                           spill_register_flushable_7_2                               522    760.872   105.883         113.484     26.852      9.604    607.992   0.000        2.940      0.000   0.000      866.755 
        gen_mux.i_aw_arbiter                                   rr_arb_tree_1_2                                            205    146.804    24.684         121.128     15.680      0.588      7.938   0.000        1.470      0.000   0.000      171.488 
          gen_arbiter.gen_int_rr.gen_fair_arb.i_lzc_lower      lzc_0_9                                                      2      0.490     0.000           0.294      0.000      0.196      0.000   0.000        0.000      0.000   0.000        0.490 
          gen_arbiter.gen_int_rr.gen_fair_arb.i_lzc_upper      lzc_0_8                                                      1      0.196     0.000           0.000      0.000      0.196      0.000   0.000        0.000      0.000   0.000        0.196 
        gen_mux.i_aw_spill_reg                                 spill_register_4_2                                         544    783.510   110.334         117.600     22.834      9.800    630.336   0.000        2.940      0.000   0.000      893.844 
          spill_register_flushable_i                           spill_register_flushable_4_2                               544    783.510   110.334         117.600     22.834      9.800    630.336   0.000        2.940      0.000   0.000      893.844 
        gen_mux.i_b_spill_reg                                  spill_register_6_2                                         231    325.164    47.069          51.156      0.294      1.666    269.108   0.000        2.940      0.000   0.000      372.233 
          spill_register_flushable_i                           spill_register_flushable_6_2                               231    325.164    47.069          51.156      0.294      1.666    269.108   0.000        2.940      0.000   0.000      372.233 
        gen_mux.i_r_spill_reg                                  spill_register_8_2                                         439    628.278    89.108          95.746     18.228      0.196    511.168   0.000        2.940      0.000   0.000      717.386 
          spill_register_flushable_i                           spill_register_flushable_8_2                               439    628.278    89.108          95.746     18.228      0.196    511.168   0.000        2.940      0.000   0.000      717.386 
        gen_mux.i_w_fifo                                       fifo_v3_4_2                                                  6      5.880     0.810           1.470      0.000      0.196      4.214   0.000        0.000      0.000   0.000        6.690 
        gen_mux.i_w_spill_reg                                  spill_register_5_2                                         446    638.470    90.529          96.334     23.912      0.392    514.892   0.000        2.940      0.000   0.000      728.999 
          spill_register_flushable_i                           spill_register_flushable_5_2                               446    638.470    90.529          96.334     23.912      0.392    514.892   0.000        2.940      0.000   0.000      728.999 
      gen_mst_port_mux[3].i_axi_mux                            axi_mux_3                                                 2799   3571.316   620.903         814.772    173.068     10.388   2555.448   0.000       17.640      0.000   0.000     4192.219 
        gen_mux.i_ar_arbiter                                   rr_arb_tree_2_3                                            214    156.800    27.145         117.012     26.068      4.312      7.938   0.000        1.470      0.000   0.000      183.945 
          gen_arbiter.gen_int_rr.gen_fair_arb.i_lzc_lower      lzc_0_15                                                     2      0.490     0.000           0.294      0.000      0.196      0.000   0.000        0.000      0.000   0.000        0.490 
          gen_arbiter.gen_int_rr.gen_fair_arb.i_lzc_upper      lzc_0_14                                                     1      0.196     0.000           0.000      0.000      0.196      0.000   0.000        0.000      0.000   0.000        0.196 
        gen_mux.i_ar_spill_reg                                 spill_register_7_3                                         527    753.816   106.901         113.484     29.008      0.392    607.992   0.000        2.940      0.000   0.000      860.717 
          spill_register_flushable_i                           spill_register_flushable_7_3                               527    753.816   106.901         113.484     29.008      0.392    607.992   0.000        2.940      0.000   0.000      860.717 
        gen_mux.i_aw_arbiter                                   rr_arb_tree_1_3                                            202    139.160    24.073         121.128      8.036      0.588      7.938   0.000        1.470      0.000   0.000      163.233 
          gen_arbiter.gen_int_rr.gen_fair_arb.i_lzc_lower      lzc_0_13                                                     2      0.490     0.000           0.294      0.000      0.196      0.000   0.000        0.000      0.000   0.000        0.490 
          gen_arbiter.gen_int_rr.gen_fair_arb.i_lzc_upper      lzc_0_12                                                     1      0.196     0.000           0.000      0.000      0.196      0.000   0.000        0.000      0.000   0.000        0.196 
        gen_mux.i_aw_spill_reg                                 spill_register_4_3                                         547    782.334   110.945         117.600     31.066      0.392    630.336   0.000        2.940      0.000   0.000      893.279 
          spill_register_flushable_i                           spill_register_flushable_4_3                               547    782.334   110.945         117.600     31.066      0.392    630.336   0.000        2.940      0.000   0.000      893.279 
        gen_mux.i_b_spill_reg                                  spill_register_6_3                                         236    335.944    48.088          51.156     12.544      0.196    269.108   0.000        2.940      0.000   0.000      384.032 
          spill_register_flushable_i                           spill_register_flushable_6_3                               236    335.944    48.088          51.156     12.544      0.196    269.108   0.000        2.940      0.000   0.000      384.032 
        gen_mux.i_r_spill_reg                                  spill_register_8_3                                         444    633.864    90.127          95.648     23.716      0.392    511.168   0.000        2.940      0.000   0.000      723.991 
          spill_register_flushable_i                           spill_register_flushable_8_3                               444    633.864    90.127          95.648     23.716      0.392    511.168   0.000        2.940      0.000   0.000      723.991 
        gen_mux.i_w_fifo                                       fifo_v3_4_3                                                  6      5.880     0.810           1.470      0.000      0.196      4.214   0.000        0.000      0.000   0.000        6.690 
        gen_mux.i_w_spill_reg                                  spill_register_5_3                                         444    637.784    90.121          96.334     23.226      0.392    514.892   0.000        2.940      0.000   0.000      727.905 
          spill_register_flushable_i                           spill_register_flushable_5_3                               444    637.784    90.121          96.334     23.226      0.392    514.892   0.000        2.940      0.000   0.000      727.905 
      gen_mst_port_mux[4].i_axi_mux                            axi_mux_4                                                 2793   3558.380   619.681         814.772    159.740     10.780   2555.448   0.000       17.640      0.000   0.000     4178.061 
        gen_mux.i_ar_arbiter                                   rr_arb_tree_2_4                                            214    156.800    27.145         117.012     26.068      4.312      7.938   0.000        1.470      0.000   0.000      183.945 
          gen_arbiter.gen_int_rr.gen_fair_arb.i_lzc_lower      lzc_0_19                                                     2      0.490     0.000           0.294      0.000      0.196      0.000   0.000        0.000      0.000   0.000        0.490 
          gen_arbiter.gen_int_rr.gen_fair_arb.i_lzc_upper      lzc_0_18                                                     1      0.196     0.000           0.000      0.000      0.196      0.000   0.000        0.000      0.000   0.000        0.196 
        gen_mux.i_ar_spill_reg                                 spill_register_7_4                                         527    753.816   106.901         113.484     29.008      0.392    607.992   0.000        2.940      0.000   0.000      860.717 
          spill_register_flushable_i                           spill_register_flushable_7_4                               527    753.816   106.901         113.484     29.008      0.392    607.992   0.000        2.940      0.000   0.000      860.717 
        gen_mux.i_aw_arbiter                                   rr_arb_tree_1_4                                            202    139.160    24.073         121.128      8.036      0.588      7.938   0.000        1.470      0.000   0.000      163.233 
          gen_arbiter.gen_int_rr.gen_fair_arb.i_lzc_lower      lzc_0_17                                                     2      0.490     0.000           0.294      0.000      0.196      0.000   0.000        0.000      0.000   0.000        0.490 
          gen_arbiter.gen_int_rr.gen_fair_arb.i_lzc_upper      lzc_0_16                                                     1      0.196     0.000           0.000      0.000      0.196      0.000   0.000        0.000      0.000   0.000        0.196 
        gen_mux.i_aw_spill_reg                                 spill_register_4_4                                         547    782.334   110.945         117.600     31.066      0.392    630.336   0.000        2.940      0.000   0.000      893.279 
          spill_register_flushable_i                           spill_register_flushable_4_4                               547    782.334   110.945         117.600     31.066      0.392    630.336   0.000        2.940      0.000   0.000      893.279 
        gen_mux.i_b_spill_reg                                  spill_register_6_4                                         235    329.770    47.884          51.058      5.880      0.784    269.108   0.000        2.940      0.000   0.000      377.654 
          spill_register_flushable_i                           spill_register_flushable_6_4                               235    329.770    47.884          51.058      5.880      0.784    269.108   0.000        2.940      0.000   0.000      377.654 
        gen_mux.i_r_spill_reg                                  spill_register_8_4                                         440    627.200    89.312          95.648     17.052      0.392    511.168   0.000        2.940      0.000   0.000      716.512 
          spill_register_flushable_i                           spill_register_flushable_8_4                               440    627.200    89.312          95.648     17.052      0.392    511.168   0.000        2.940      0.000   0.000      716.512 
        gen_mux.i_w_fifo                                       fifo_v3_4_4                                                  6      5.880     0.810           1.470      0.000      0.196      4.214   0.000        0.000      0.000   0.000        6.690 
        gen_mux.i_w_spill_reg                                  spill_register_5_4                                         443    637.686    89.918          96.432     23.226      0.196    514.892   0.000        2.940      0.000   0.000      727.604 
          spill_register_flushable_i                           spill_register_flushable_5_4                               443    637.686    89.918          96.432     23.226      0.196    514.892   0.000        2.940      0.000   0.000      727.604 
      gen_mst_port_mux[5].i_axi_mux                            axi_mux_5                                                 2113   2629.536   478.556         665.616    133.672     44.786   1773.702   0.000       11.760      0.000   0.000     3108.092 
        gen_mux.i_ar_arbiter                                   rr_arb_tree_2_5                                            214    156.996    27.145         117.012     26.068      4.508      7.938   0.000        1.470      0.000   0.000      184.141 
          gen_arbiter.gen_int_rr.gen_fair_arb.i_lzc_lower      lzc_0_23                                                     2      0.490     0.000           0.294      0.000      0.196      0.000   0.000        0.000      0.000   0.000        0.490 
          gen_arbiter.gen_int_rr.gen_fair_arb.i_lzc_upper      lzc_0_22                                                     1      0.196     0.000           0.000      0.000      0.196      0.000   0.000        0.000      0.000   0.000        0.196 
        gen_mux.i_ar_spill_reg                                 spill_register_7_6                                         522    763.028   105.585         112.700     25.872     14.014    607.502   0.000        2.940      0.000   0.000      868.613 
          spill_register_flushable_i                           spill_register_flushable_7_6                               522    763.028   105.585         112.700     25.872     14.014    607.502   0.000        2.940      0.000   0.000      868.613 
        gen_mux.i_aw_arbiter                                   rr_arb_tree_1_5                                            202    139.160    24.073         121.128      8.036      0.588      7.938   0.000        1.470      0.000   0.000      163.233 
          gen_arbiter.gen_int_rr.gen_fair_arb.i_lzc_lower      lzc_0_21                                                     2      0.490     0.000           0.294      0.000      0.196      0.000   0.000        0.000      0.000   0.000        0.490 
          gen_arbiter.gen_int_rr.gen_fair_arb.i_lzc_upper      lzc_0_20                                                     1      0.196     0.000           0.000      0.000      0.196      0.000   0.000        0.000      0.000   0.000        0.196 
        gen_mux.i_aw_spill_reg                                 spill_register_4_6                                         544    791.742   110.036         116.816     34.888      7.252    629.846   0.000        2.940      0.000   0.000      901.778 
          spill_register_flushable_i                           spill_register_flushable_4_6                               544    791.742   110.036         116.816     34.888      7.252    629.846   0.000        2.940      0.000   0.000      901.778 
        gen_mux.i_w_fifo                                       fifo_v3_4_5                                                  6      5.880     0.810           1.470      0.000      0.196      4.214   0.000        0.000      0.000   0.000        6.690 
        gen_mux.i_w_spill_reg                                  spill_register_5_6                                         446    646.996    90.231          95.550     19.404     14.700    514.402   0.000        2.940      0.000   0.000      737.227 
          spill_register_flushable_i                           spill_register_flushable_5_6                               446    646.996    90.231          95.550     19.404     14.700    514.402   0.000        2.940      0.000   0.000      737.227 
      gen_mst_port_mux[6].i_axi_mux                            axi_mux_6                                                 2113   2629.536   478.556         665.616    133.672     44.786   1773.702   0.000       11.760      0.000   0.000     3108.092 
        gen_mux.i_ar_arbiter                                   rr_arb_tree_2_6                                            214    156.996    27.145         117.012     26.068      4.508      7.938   0.000        1.470      0.000   0.000      184.141 
          gen_arbiter.gen_int_rr.gen_fair_arb.i_lzc_lower      lzc_0_27                                                     2      0.490     0.000           0.294      0.000      0.196      0.000   0.000        0.000      0.000   0.000        0.490 
          gen_arbiter.gen_int_rr.gen_fair_arb.i_lzc_upper      lzc_0_26                                                     1      0.196     0.000           0.000      0.000      0.196      0.000   0.000        0.000      0.000   0.000        0.196 
        gen_mux.i_ar_spill_reg                                 spill_register_7_5                                         522    763.028   105.585         112.700     25.872     14.014    607.502   0.000        2.940      0.000   0.000      868.613 
          spill_register_flushable_i                           spill_register_flushable_7_5                               522    763.028   105.585         112.700     25.872     14.014    607.502   0.000        2.940      0.000   0.000      868.613 
        gen_mux.i_aw_arbiter                                   rr_arb_tree_1_6                                            202    139.160    24.073         121.128      8.036      0.588      7.938   0.000        1.470      0.000   0.000      163.233 
          gen_arbiter.gen_int_rr.gen_fair_arb.i_lzc_lower      lzc_0_25                                                     2      0.490     0.000           0.294      0.000      0.196      0.000   0.000        0.000      0.000   0.000        0.490 
          gen_arbiter.gen_int_rr.gen_fair_arb.i_lzc_upper      lzc_0_24                                                     1      0.196     0.000           0.000      0.000      0.196      0.000   0.000        0.000      0.000   0.000        0.196 
        gen_mux.i_aw_spill_reg                                 spill_register_4_5                                         544    791.742   110.036         116.816     34.888      7.252    629.846   0.000        2.940      0.000   0.000      901.778 
          spill_register_flushable_i                           spill_register_flushable_4_5                               544    791.742   110.036         116.816     34.888      7.252    629.846   0.000        2.940      0.000   0.000      901.778 
        gen_mux.i_w_fifo                                       fifo_v3_4_6                                                  6      5.880     0.810           1.470      0.000      0.196      4.214   0.000        0.000      0.000   0.000        6.690 
        gen_mux.i_w_spill_reg                                  spill_register_5_5                                         446    646.996    90.231          95.550     19.404     14.700    514.402   0.000        2.940      0.000   0.000      737.227 
          spill_register_flushable_i                           spill_register_flushable_5_5                               446    646.996    90.231          95.550     19.404     14.700    514.402   0.000        2.940      0.000   0.000      737.227 
      gen_mst_port_mux[7].i_axi_mux                            axi_mux_7                                                 2795   3576.706   620.088         815.066    171.990     16.562   2555.448   0.000       17.640      0.000   0.000     4196.794 
        gen_mux.i_ar_arbiter                                   rr_arb_tree_2_7                                            202    143.276    24.700         117.012     15.092      1.764      7.938   0.000        1.470      0.000   0.000      167.976 
          gen_arbiter.gen_int_rr.gen_fair_arb.i_lzc_lower      lzc_0_31                                                     2      0.490     0.000           0.294      0.000      0.196      0.000   0.000        0.000      0.000   0.000        0.490 
          gen_arbiter.gen_int_rr.gen_fair_arb.i_lzc_upper      lzc_0_30                                                     1      0.196     0.000           0.000      0.000      0.196      0.000   0.000        0.000      0.000   0.000        0.196 
        gen_mux.i_ar_spill_reg                                 spill_register_7_7                                         522    753.326   105.883         113.484     28.518      0.392    607.992   0.000        2.940      0.000   0.000      859.209 
          spill_register_flushable_i                           spill_register_flushable_7_7                               522    753.326   105.883         113.484     28.518      0.392    607.992   0.000        2.940      0.000   0.000      859.209 
        gen_mux.i_aw_arbiter                                   rr_arb_tree_1_7                                            220    165.228    27.740         121.128     31.262      3.430      7.938   0.000        1.470      0.000   0.000      192.968 
          gen_arbiter.gen_int_rr.gen_fair_arb.i_lzc_lower      lzc_0_29                                                     2      0.490     0.000           0.294      0.000      0.196      0.000   0.000        0.000      0.000   0.000        0.490 
          gen_arbiter.gen_int_rr.gen_fair_arb.i_lzc_upper      lzc_0_28                                                     1      0.196     0.000           0.000      0.000      0.196      0.000   0.000        0.000      0.000   0.000        0.196 
        gen_mux.i_aw_spill_reg                                 spill_register_4_7                                         542    779.100   109.926         117.600     23.814      4.410    630.336   0.000        2.940      0.000   0.000      889.026 
          spill_register_flushable_i                           spill_register_flushable_4_7                               542    779.100   109.926         117.600     23.814      4.410    630.336   0.000        2.940      0.000   0.000      889.026 
        gen_mux.i_b_spill_reg                                  spill_register_6_7                                         237    334.180    48.292          51.058      9.604      1.470    269.108   0.000        2.940      0.000   0.000      382.472 
          spill_register_flushable_i                           spill_register_flushable_6_7                               237    334.180    48.292          51.058      9.604      1.470    269.108   0.000        2.940      0.000   0.000      382.472 
        gen_mux.i_r_spill_reg                                  spill_register_8_7                                         443    631.120    89.923          95.746     20.090      1.176    511.168   0.000        2.940      0.000   0.000      721.043 
          spill_register_flushable_i                           spill_register_flushable_8_7                               443    631.120    89.923          95.746     20.090      1.176    511.168   0.000        2.940      0.000   0.000      721.043 
        gen_mux.i_w_fifo                                       fifo_v3_4_7                                                  6      5.880     0.810           1.470      0.000      0.196      4.214   0.000        0.000      0.000   0.000        6.690 
        gen_mux.i_w_spill_reg                                  spill_register_5_7                                         444    638.764    90.121          96.334     24.206      0.392    514.892   0.000        2.940      0.000   0.000      728.885 
          spill_register_flushable_i                           spill_register_flushable_5_7                               444    638.764    90.121          96.334     24.206      0.392    514.892   0.000        2.940      0.000   0.000      728.885 
      gen_slv_port_demux[0].i_axi_ar_decode                    addr_decode                                                 48     23.226    10.548          23.030      0.000      0.196      0.000   0.000        0.000      0.000   0.000       33.774 
      gen_slv_port_demux[0].i_axi_aw_decode                    addr_decode_1                                               50     24.304    10.955          23.324      0.000      0.980      0.000   0.000        0.000      0.000   0.000       35.259 
      gen_slv_port_demux[0].i_axi_demux                        axi_demux                                                 4669   4945.276  1251.706        1512.042    339.962     44.394   2979.788   0.000       69.090      0.000   0.000     6196.982 
        gen_demux.gen_ar_id_counter.i_ar_id_counter            axi_demux_id_counters_3                                    439    374.066   124.167         163.954      0.000      6.272    180.320   0.000       23.520      0.000   0.000      498.233 
          gen_counters[0].i_in_flight_cnt                      delta_counter                                                7      6.958     1.118           3.234      0.000      0.000      3.724   0.000        0.000      0.000   0.000        8.076 
          gen_counters[1].i_in_flight_cnt                      delta_counter_17                                             7      6.958     1.118           3.234      0.000      0.000      3.724   0.000        0.000      0.000   0.000        8.076 
          gen_counters[2].i_in_flight_cnt                      delta_counter_18                                             7      6.958     1.118           3.234      0.000      0.000      3.724   0.000        0.000      0.000   0.000        8.076 
          gen_counters[3].i_in_flight_cnt                      delta_counter_19                                             7      6.958     1.118           3.234      0.000      0.000      3.724   0.000        0.000      0.000   0.000        8.076 
          gen_counters[4].i_in_flight_cnt                      delta_counter_20                                             7      6.958     1.118           3.234      0.000      0.000      3.724   0.000        0.000      0.000   0.000        8.076 
          gen_counters[5].i_in_flight_cnt                      delta_counter_21                                             7      6.958     1.118           3.234      0.000      0.000      3.724   0.000        0.000      0.000   0.000        8.076 
          gen_counters[6].i_in_flight_cnt                      delta_counter_22                                             7      6.958     1.118           3.234      0.000      0.000      3.724   0.000        0.000      0.000   0.000        8.076 
          gen_counters[7].i_in_flight_cnt                      delta_counter_23                                             7      6.958     1.118           3.234      0.000      0.000      3.724   0.000        0.000      0.000   0.000        8.076 
          gen_counters[8].i_in_flight_cnt                      delta_counter_24                                             7      6.958     1.118           3.234      0.000      0.000      3.724   0.000        0.000      0.000   0.000        8.076 
          gen_counters[9].i_in_flight_cnt                      delta_counter_25                                             7      6.958     1.118           3.234      0.000      0.000      3.724   0.000        0.000      0.000   0.000        8.076 
          gen_counters[10].i_in_flight_cnt                     delta_counter_26                                             7      6.958     1.118           3.234      0.000      0.000      3.724   0.000        0.000      0.000   0.000        8.076 
          gen_counters[11].i_in_flight_cnt                     delta_counter_27                                             7      6.958     1.118           3.234      0.000      0.000      3.724   0.000        0.000      0.000   0.000        8.076 
          gen_counters[12].i_in_flight_cnt                     delta_counter_28                                             7      6.958     1.118           3.234      0.000      0.000      3.724   0.000        0.000      0.000   0.000        8.076 
          gen_counters[13].i_in_flight_cnt                     delta_counter_29                                             7      6.958     1.118           3.234      0.000      0.000      3.724   0.000        0.000      0.000   0.000        8.076 
          gen_counters[14].i_in_flight_cnt                     delta_counter_30                                             7      6.958     1.118           3.234      0.000      0.000      3.724   0.000        0.000      0.000   0.000        8.076 
          gen_counters[15].i_in_flight_cnt                     delta_counter_16                                             7      6.958     1.118           3.234      0.000      0.000      3.724   0.000        0.000      0.000   0.000        8.076 
        gen_demux.gen_aw_id_counter.i_aw_id_counter            axi_demux_id_counters                                      375    336.238    99.102         122.794      0.000     10.388    179.536   0.000       23.520      0.000   0.000      435.340 
          gen_counters[0].i_in_flight_cnt                      delta_counter_31                                             6      6.664     0.815           2.940      0.000      0.000      3.724   0.000        0.000      0.000   0.000        7.479 
          gen_counters[1].i_in_flight_cnt                      delta_counter_1                                              6      6.664     0.815           2.940      0.000      0.000      3.724   0.000        0.000      0.000   0.000        7.479 
          gen_counters[2].i_in_flight_cnt                      delta_counter_2                                              6      6.664     0.815           2.940      0.000      0.000      3.724   0.000        0.000      0.000   0.000        7.479 
          gen_counters[3].i_in_flight_cnt                      delta_counter_3                                              6      6.664     0.815           2.940      0.000      0.000      3.724   0.000        0.000      0.000   0.000        7.479 
          gen_counters[4].i_in_flight_cnt                      delta_counter_4                                              6      6.664     0.815           2.940      0.000      0.000      3.724   0.000        0.000      0.000   0.000        7.479 
          gen_counters[5].i_in_flight_cnt                      delta_counter_5                                              6      6.664     0.815           2.940      0.000      0.000      3.724   0.000        0.000      0.000   0.000        7.479 
          gen_counters[6].i_in_flight_cnt                      delta_counter_6                                              6      6.664     0.815           2.940      0.000      0.000      3.724   0.000        0.000      0.000   0.000        7.479 
          gen_counters[7].i_in_flight_cnt                      delta_counter_7                                              6      6.664     0.815           2.940      0.000      0.000      3.724   0.000        0.000      0.000   0.000        7.479 
          gen_counters[8].i_in_flight_cnt                      delta_counter_8                                              6      6.664     0.815           2.940      0.000      0.000      3.724   0.000        0.000      0.000   0.000        7.479 
          gen_counters[9].i_in_flight_cnt                      delta_counter_9                                              6      6.664     0.815           2.940      0.000      0.000      3.724   0.000        0.000      0.000   0.000        7.479 
          gen_counters[10].i_in_flight_cnt                     delta_counter_10                                             6      6.664     0.815           2.940      0.000      0.000      3.724   0.000        0.000      0.000   0.000        7.479 
          gen_counters[11].i_in_flight_cnt                     delta_counter_11                                             6      6.664     0.815           2.940      0.000      0.000      3.724   0.000        0.000      0.000   0.000        7.479 
          gen_counters[12].i_in_flight_cnt                     delta_counter_12                                             6      6.664     0.815           2.940      0.000      0.000      3.724   0.000        0.000      0.000   0.000        7.479 
          gen_counters[13].i_in_flight_cnt                     delta_counter_13                                             6      6.664     0.815           2.940      0.000      0.000      3.724   0.000        0.000      0.000   0.000        7.479 
          gen_counters[14].i_in_flight_cnt                     delta_counter_14                                             6      6.664     0.815           2.940      0.000      0.000      3.724   0.000        0.000      0.000   0.000        7.479 
          gen_counters[15].i_in_flight_cnt                     delta_counter_15                                             6      6.664     0.815           2.940      0.000      0.000      3.724   0.000        0.000      0.000   0.000        7.479 
        gen_demux.i_ar_spill_reg                               spill_register_2                                           532    763.518   107.904         115.836     25.382      0.196    619.164   0.000        2.940      0.000   0.000      871.422 
          spill_register_flushable_i                           spill_register_flushable_2                                 532    763.518   107.904         115.836     25.382      0.196    619.164   0.000        2.940      0.000   0.000      871.422 
        gen_demux.i_aw_spill_reg                               spill_register                                             553    793.016   112.152         119.952     25.676      2.940    641.508   0.000        2.940      0.000   0.000      905.168 
          spill_register_flushable_i                           spill_register_flushable                                   553    793.016   112.152         119.952     25.676      2.940    641.508   0.000        2.940      0.000   0.000      905.168 
        gen_demux.i_b_mux                                      rr_arb_tree                                                557    361.914   174.376         252.154     69.286      9.506     28.028   0.000        2.940      0.000   0.000      536.290 
          gen_arbiter.gen_int_rr.gen_fair_arb.i_lzc_lower      lzc_7                                                       17      6.370     3.140           5.684      0.000      0.686      0.000   0.000        0.000      0.000   0.000        9.510 
          gen_arbiter.gen_int_rr.gen_fair_arb.i_lzc_upper      lzc                                                         12      4.802     2.220           4.606      0.000      0.196      0.000   0.000        0.000      0.000   0.000        7.022 
        gen_demux.i_b_spill_reg                                spill_register_1                                           233    329.182    47.482          50.372     10.094      0.392    265.384   0.000        2.940      0.000   0.000      376.664 
          spill_register_flushable_i                           spill_register_flushable_1                                 233    329.182    47.482          50.372     10.094      0.392    265.384   0.000        2.940      0.000   0.000      376.664 
        gen_demux.i_r_mux                                      rr_arb_tree_0                                              963    648.172   302.017         444.528    161.112     11.564     28.028   0.000        2.940      0.000   0.000      950.189 
          gen_arbiter.gen_int_rr.gen_fair_arb.i_lzc_lower      lzc_3                                                       16      6.076     2.936           5.684      0.000      0.392      0.000   0.000        0.000      0.000   0.000        9.012 
          gen_arbiter.gen_int_rr.gen_fair_arb.i_lzc_upper      lzc_2                                                       12      4.802     2.220           4.606      0.000      0.196      0.000   0.000        0.000      0.000   0.000        7.022 
        gen_demux.i_r_spill_reg                                spill_register_3                                           440    627.200    89.317          95.060     21.560      0.196    507.444   0.000        2.940      0.000   0.000      716.517 
          spill_register_flushable_i                           spill_register_flushable_3                                 440    627.200    89.317          95.060     21.560      0.196    507.444   0.000        2.940      0.000   0.000      716.517 
        gen_demux.i_w_fifo                                     fifo_v3                                                     13     16.464     1.619           3.528      0.000      0.196     11.270   0.000        1.470      0.000   0.000       18.083 
        gen_demux.i_w_spill_reg                                spill_register_0                                           442    637.784    89.714          96.432     23.324      0.196    514.892   0.000        2.940      0.000   0.000      727.498 
          spill_register_flushable_i                           spill_register_flushable_0                                 442    637.784    89.714          96.432     23.324      0.196    514.892   0.000        2.940      0.000   0.000      727.498 
      gen_slv_port_demux[0].i_axi_err_slv                      axi_err_slv                                                521    506.170   169.324         172.382     17.836      9.212    287.630   0.000       19.110      0.000   0.000      675.494 
        genblk1.i_atop_filter                                  axi_atop_filter                                            167    132.986    45.001          47.824      8.134      4.508     65.170   0.000        7.350      0.000   0.000      177.987 
          r_resp_cmd                                           stream_register                                             18     24.696     2.617           1.078      0.000      0.980     21.168   0.000        1.470      0.000   0.000       27.313 
            i_fifo                                             fifo_v2                                                     14     23.520     1.505           0.294      0.000      0.588     21.168   0.000        1.470      0.000   0.000       25.025 
              i_fifo_v3                                        fifo_v3_0                                                   14     23.520     1.505           0.294      0.000      0.588     21.168   0.000        1.470      0.000   0.000       25.025 
        i_b_fifo                                               fifo_v3_2                                                   35     40.376     9.471          10.780      0.000      0.392     26.264   0.000        2.940      0.000   0.000       49.847 
        i_r_counter                                            counter                                                     47     33.516    10.124          14.700      0.000      0.588     16.758   0.000        1.470      0.000   0.000       43.640 
          i_counter                                            delta_counter_0                                             47     33.516     9.921          14.700      0.000      0.588     16.758   0.000        1.470      0.000   0.000       43.437 
        i_r_fifo                                               fifo_v3_3                                                  179    209.524    61.801          69.090      9.702      1.372    126.420   0.000        2.940      0.000   0.000      271.325 
        i_w_fifo                                               fifo_v3_1                                                   72     80.066    22.871          24.010      0.000      0.980     50.666   0.000        4.410      0.000   0.000      102.937 
      gen_slv_port_demux[1].i_axi_ar_decode                    addr_decode_3                                               48     24.696    10.448          24.304      0.000      0.392      0.000   0.000        0.000      0.000   0.000       35.144 
      gen_slv_port_demux[1].i_axi_aw_decode                    addr_decode_2                                               48     24.696    10.448          24.304      0.000      0.392      0.000   0.000        0.000      0.000   0.000       35.144 
      gen_slv_port_demux[1].i_axi_demux                        axi_demux_1                                               4691   4962.230  1256.486        1513.708    355.152     44.884   2979.396   0.000       69.090      0.000   0.000     6218.716 
        gen_demux.gen_ar_id_counter.i_ar_id_counter            axi_demux_id_counters_1                                    439    373.870   124.167         163.954      0.000      6.076    180.320   0.000       23.520      0.000   0.000      498.037 
          gen_counters[0].i_in_flight_cnt                      delta_counter_48                                             7      6.958     1.118           3.234      0.000      0.000      3.724   0.000        0.000      0.000   0.000        8.076 
          gen_counters[1].i_in_flight_cnt                      delta_counter_49                                             7      6.958     1.118           3.234      0.000      0.000      3.724   0.000        0.000      0.000   0.000        8.076 
          gen_counters[2].i_in_flight_cnt                      delta_counter_50                                             7      6.958     1.118           3.234      0.000      0.000      3.724   0.000        0.000      0.000   0.000        8.076 
          gen_counters[3].i_in_flight_cnt                      delta_counter_51                                             7      6.958     1.118           3.234      0.000      0.000      3.724   0.000        0.000      0.000   0.000        8.076 
          gen_counters[4].i_in_flight_cnt                      delta_counter_52                                             7      6.958     1.118           3.234      0.000      0.000      3.724   0.000        0.000      0.000   0.000        8.076 
          gen_counters[5].i_in_flight_cnt                      delta_counter_53                                             7      6.958     1.118           3.234      0.000      0.000      3.724   0.000        0.000      0.000   0.000        8.076 
          gen_counters[6].i_in_flight_cnt                      delta_counter_54                                             7      6.958     1.118           3.234      0.000      0.000      3.724   0.000        0.000      0.000   0.000        8.076 
          gen_counters[7].i_in_flight_cnt                      delta_counter_55                                             7      6.958     1.118           3.234      0.000      0.000      3.724   0.000        0.000      0.000   0.000        8.076 
          gen_counters[8].i_in_flight_cnt                      delta_counter_56                                             7      6.958     1.118           3.234      0.000      0.000      3.724   0.000        0.000      0.000   0.000        8.076 
          gen_counters[9].i_in_flight_cnt                      delta_counter_57                                             7      6.958     1.118           3.234      0.000      0.000      3.724   0.000        0.000      0.000   0.000        8.076 
          gen_counters[10].i_in_flight_cnt                     delta_counter_58                                             7      6.958     1.118           3.234      0.000      0.000      3.724   0.000        0.000      0.000   0.000        8.076 
          gen_counters[11].i_in_flight_cnt                     delta_counter_59                                             7      6.958     1.118           3.234      0.000      0.000      3.724   0.000        0.000      0.000   0.000        8.076 
          gen_counters[12].i_in_flight_cnt                     delta_counter_60                                             7      6.958     1.118           3.234      0.000      0.000      3.724   0.000        0.000      0.000   0.000        8.076 
          gen_counters[13].i_in_flight_cnt                     delta_counter_61                                             7      6.958     1.118           3.234      0.000      0.000      3.724   0.000        0.000      0.000   0.000        8.076 
          gen_counters[14].i_in_flight_cnt                     delta_counter_62                                             7      6.958     1.118           3.234      0.000      0.000      3.724   0.000        0.000      0.000   0.000        8.076 
          gen_counters[15].i_in_flight_cnt                     delta_counter_63                                             7      6.958     1.118           3.234      0.000      0.000      3.724   0.000        0.000      0.000   0.000        8.076 
        gen_demux.gen_aw_id_counter.i_aw_id_counter            axi_demux_id_counters_2                                    376    335.846    99.305         122.794      0.000     10.388    179.144   0.000       23.520      0.000   0.000      435.151 
          gen_counters[0].i_in_flight_cnt                      delta_counter_32                                             6      6.664     0.815           2.940      0.000      0.000      3.724   0.000        0.000      0.000   0.000        7.479 
          gen_counters[1].i_in_flight_cnt                      delta_counter_33                                             6      6.664     0.815           2.940      0.000      0.000      3.724   0.000        0.000      0.000   0.000        7.479 
          gen_counters[2].i_in_flight_cnt                      delta_counter_34                                             6      6.664     0.815           2.940      0.000      0.000      3.724   0.000        0.000      0.000   0.000        7.479 
          gen_counters[3].i_in_flight_cnt                      delta_counter_35                                             6      6.664     0.815           2.940      0.000      0.000      3.724   0.000        0.000      0.000   0.000        7.479 
          gen_counters[4].i_in_flight_cnt                      delta_counter_36                                             6      6.664     0.815           2.940      0.000      0.000      3.724   0.000        0.000      0.000   0.000        7.479 
          gen_counters[5].i_in_flight_cnt                      delta_counter_37                                             6      6.664     0.815           2.940      0.000      0.000      3.724   0.000        0.000      0.000   0.000        7.479 
          gen_counters[6].i_in_flight_cnt                      delta_counter_38                                             6      6.664     0.815           2.940      0.000      0.000      3.724   0.000        0.000      0.000   0.000        7.479 
          gen_counters[7].i_in_flight_cnt                      delta_counter_39                                             6      6.664     0.815           2.940      0.000      0.000      3.724   0.000        0.000      0.000   0.000        7.479 
          gen_counters[8].i_in_flight_cnt                      delta_counter_40                                             6      6.664     0.815           2.940      0.000      0.000      3.724   0.000        0.000      0.000   0.000        7.479 
          gen_counters[9].i_in_flight_cnt                      delta_counter_41                                             6      6.664     0.815           2.940      0.000      0.000      3.724   0.000        0.000      0.000   0.000        7.479 
          gen_counters[10].i_in_flight_cnt                     delta_counter_42                                             6      6.664     0.815           2.940      0.000      0.000      3.724   0.000        0.000      0.000   0.000        7.479 
          gen_counters[11].i_in_flight_cnt                     delta_counter_43                                             6      6.664     0.815           2.940      0.000      0.000      3.724   0.000        0.000      0.000   0.000        7.479 
          gen_counters[12].i_in_flight_cnt                     delta_counter_44                                             6      6.664     0.815           2.940      0.000      0.000      3.724   0.000        0.000      0.000   0.000        7.479 
          gen_counters[13].i_in_flight_cnt                     delta_counter_45                                             6      6.664     0.815           2.940      0.000      0.000      3.724   0.000        0.000      0.000   0.000        7.479 
          gen_counters[14].i_in_flight_cnt                     delta_counter_46                                             6      6.664     0.815           2.940      0.000      0.000      3.724   0.000        0.000      0.000   0.000        7.479 
          gen_counters[15].i_in_flight_cnt                     delta_counter_47                                             6      6.664     0.815           2.940      0.000      0.000      3.724   0.000        0.000      0.000   0.000        7.479 
        gen_demux.i_ar_spill_reg                               spill_register_2_1                                         532    764.106   107.904         115.640     26.166      0.196    619.164   0.000        2.940      0.000   0.000      872.010 
          spill_register_flushable_i                           spill_register_flushable_2_1                               532    764.106   107.904         115.640     26.166      0.196    619.164   0.000        2.940      0.000   0.000      872.010 
        gen_demux.i_aw_spill_reg                               spill_register_9                                           547    782.334   110.929         119.658     14.798      3.430    641.508   0.000        2.940      0.000   0.000      893.263 
          spill_register_flushable_i                           spill_register_flushable_9                                 547    782.334   110.929         119.658     14.798      3.430    641.508   0.000        2.940      0.000   0.000      893.263 
        gen_demux.i_b_mux                                      rr_arb_tree_3                                              569    379.652   176.623         252.056     90.846      5.782     28.028   0.000        2.940      0.000   0.000      556.275 
          gen_arbiter.gen_int_rr.gen_fair_arb.i_lzc_lower      lzc_5                                                       17      6.370     3.140           5.684      0.000      0.686      0.000   0.000        0.000      0.000   0.000        9.510 
          gen_arbiter.gen_int_rr.gen_fair_arb.i_lzc_upper      lzc_4                                                       12      4.802     2.220           4.606      0.000      0.196      0.000   0.000        0.000      0.000   0.000        7.022 
        gen_demux.i_b_spill_reg                                spill_register_1_1                                         234    329.280    47.686          50.274     10.094      0.588    265.384   0.000        2.940      0.000   0.000      376.966 
          spill_register_flushable_i                           spill_register_flushable_1_1                               234    329.280    47.686          50.274     10.094      0.588    265.384   0.000        2.940      0.000   0.000      376.966 
        gen_demux.i_r_mux                                      rr_arb_tree_0_1                                            967    656.110   302.534         444.430    168.658     12.054     28.028   0.000        2.940      0.000   0.000      958.644 
          gen_arbiter.gen_int_rr.gen_fair_arb.i_lzc_lower      lzc_1                                                       17      6.370     3.140           5.684      0.000      0.686      0.000   0.000        0.000      0.000   0.000        9.510 
          gen_arbiter.gen_int_rr.gen_fair_arb.i_lzc_upper      lzc_6                                                       12      4.802     2.220           4.606      0.000      0.196      0.000   0.000        0.000      0.000   0.000        7.022 
        gen_demux.i_r_spill_reg                                spill_register_3_1                                         439    627.200    89.113          94.962     21.364      0.490    507.444   0.000        2.940      0.000   0.000      716.313 
          spill_register_flushable_i                           spill_register_flushable_3_1                               439    627.200    89.113          94.962     21.364      0.490    507.444   0.000        2.940      0.000   0.000      716.313 
        gen_demux.i_w_fifo                                     fifo_v3_5                                                   13     16.464     1.619           3.528      0.000      0.196     11.270   0.000        1.470      0.000   0.000       18.083 
        gen_demux.i_w_spill_reg                                spill_register_0_1                                         447    637.000    90.733          96.334     19.698      3.136    514.892   0.000        2.940      0.000   0.000      727.733 
          spill_register_flushable_i                           spill_register_flushable_0_1                               447    637.000    90.733          96.334     19.698      3.136    514.892   0.000        2.940      0.000   0.000      727.733 
      gen_slv_port_demux[1].i_axi_err_slv                      axi_err_slv_1                                              524    505.288   169.936         171.304     17.836      9.408    287.630   0.000       19.110      0.000   0.000      675.224 
        genblk1.i_atop_filter                                  axi_atop_filter_1                                          165    131.908    44.395          47.138      8.134      4.116     65.170   0.000        7.350      0.000   0.000      176.303 
          r_resp_cmd                                           stream_register_1                                           18     24.696     2.617           1.078      0.000      0.980     21.168   0.000        1.470      0.000   0.000       27.313 
            i_fifo                                             fifo_v2_1                                                   14     23.520     1.505           0.294      0.000      0.588     21.168   0.000        1.470      0.000   0.000       25.025 
              i_fifo_v3                                        fifo_v3_0_1                                                 14     23.520     1.505           0.294      0.000      0.588     21.168   0.000        1.470      0.000   0.000       25.025 
        i_b_fifo                                               fifo_v3_2_1                                                 35     40.376     9.471          10.780      0.000      0.392     26.264   0.000        2.940      0.000   0.000       49.847 
        i_r_counter                                            counter_1                                                   47     33.516    10.124          14.700      0.000      0.588     16.758   0.000        1.470      0.000   0.000       43.640 
          i_counter                                            delta_counter_0_1                                           47     33.516     9.921          14.700      0.000      0.588     16.758   0.000        1.470      0.000   0.000       43.437 
        i_r_fifo                                               fifo_v3_3_1                                                183    209.328    62.716          68.306      9.702      1.960    126.420   0.000        2.940      0.000   0.000      272.044 
        i_w_fifo                                               fifo_v3_1_1                                                 72     80.066    22.871          24.010      0.000      0.980     50.666   0.000        4.410      0.000   0.000      102.937 
  i_clint                                                      clint                                                      702    731.864   207.424         240.688     28.224     16.366    443.646   0.000        2.940      0.000   0.000      939.288 
    axi_lite_interface_i                                       axi_lite_interface                                         168    221.284    32.839          30.870     22.344      0.588    166.012   0.000        1.470      0.000   0.000      254.123 
    i_sync_edge                                                clint_sync_wedge                                             5      6.370     0.909           0.784      0.000      0.000      5.586   0.000        0.000      0.000   0.000        7.279 
      i_sync                                                   clint_sync                                                   2      3.724     0.204           0.000      0.000      0.000      3.724   0.000        0.000      0.000   0.000        3.928 
  i_dm_top                                                     dm_top                                                    3174   2605.820   962.143        1090.838    136.024     49.882   1295.266   0.000       33.810      0.000   0.000     3567.963 
    i_dm_csrs                                                  dm_csrs                                                   2116   1909.138   515.898         581.042    113.680     32.242   1152.774   0.000       29.400      0.000   0.000     2425.036 
      i_fifo                                                   fifo_v2_0                                                  132    206.094    37.426          30.086     10.584      4.508    157.976   0.000        2.940      0.000   0.000      243.520 
        i_fifo_v3                                              fifo_v3_6                                                  132    206.094    36.924          30.086     10.584      4.508    157.976   0.000        2.940      0.000   0.000      243.018 
    i_dm_mem                                                   dm_mem                                                     739    502.936   212.382         338.688     14.210     10.192    136.906   0.000        2.940      0.000   0.000      715.318 
      gen_rom_snd_scratch.i_debug_rom                          debug_rom                                                  120     56.546    28.137          44.296      0.000      2.352      8.428   0.000        1.470      0.000   0.000       84.683 
    i_dm_sba                                                   dm_sba                                                     319    193.746    74.815         171.108      8.134      7.448      5.586   0.000        1.470      0.000   0.000      268.561 
  i_peripheral                                                 peripheral_plic_AXI_BUS_Slave_timer_AXI_BUS_Slave        12469  13651.204  4285.545        4534.460   1110.242    201.684   7709.268   0.000       95.550      0.000   0.000    17936.749 
    i_apb_to_reg                                               apb_to_reg_reg_o_REG_BUS_out                                 1      0.392     0.000           0.392      0.000      0.000      0.000   0.000        0.000      0.000   0.000        0.392 
    i_axi2apb_64_32_plic                                       axi2apb_64_32                                             4610   5587.176  1556.576        1599.752    457.366     51.940   3453.128   0.000       24.990      0.000   0.000     7143.752 
      slave_ar_buffer_i                                        axi_ar_buffer                                              946   1223.922   306.118         341.236    104.762      4.998    769.986   0.000        2.940      0.000   0.000     1530.040 
        i_axi_single_slice                                     axi_single_slice                                           946   1223.922   306.118         341.236    104.762      4.998    769.986   0.000        2.940      0.000   0.000     1530.040 
          i_fifo                                               fifo                                                       942   1222.746   304.311         340.452    104.762      4.606    769.986   0.000        2.940      0.000   0.000     1527.057 
            impl                                               fifo_v2_2                                                  942   1222.746   303.710         340.452    104.762      4.606    769.986   0.000        2.940      0.000   0.000     1526.456 
              i_fifo_v3                                        fifo_v3_15                                                 942   1222.746   303.710         340.452    104.762      4.606    769.986   0.000        2.940      0.000   0.000     1526.456 
      slave_aw_buffer_i                                        axi_aw_buffer                                              949   1222.844   306.729         341.236    101.626      7.056    769.986   0.000        2.940      0.000   0.000     1529.573 
        i_axi_single_slice                                     axi_single_slice_1                                         949   1222.844   306.729         341.236    101.626      7.056    769.986   0.000        2.940      0.000   0.000     1529.573 
          i_fifo                                               fifo_1                                                     945   1221.668   304.922         340.452    101.626      6.664    769.986   0.000        2.940      0.000   0.000     1526.590 
            impl                                               fifo_v2_2_1                                                945   1221.668   304.321         340.452    101.626      6.664    769.986   0.000        2.940      0.000   0.000     1525.989 
              i_fifo_v3                                        fifo_v3_15_1                                               945   1221.668   304.321         340.452    101.626      6.664    769.986   0.000        2.940      0.000   0.000     1525.989 
      slave_b_buffer_i                                         axi_b_buffer                                               272    435.708    77.270          54.782     38.808      6.664    332.514   0.000        2.940      0.000   0.000      512.978 
        i_axi_single_slice                                     axi_single_slice_3                                         272    435.708    77.270          54.782     38.808      6.664    332.514   0.000        2.940      0.000   0.000      512.978 
          i_fifo                                               fifo_3                                                     268    434.532    76.157          53.998     38.808      6.272    332.514   0.000        2.940      0.000   0.000      510.689 
            impl                                               fifo_v2_5                                                  268    434.532    75.557          53.998     38.808      6.272    332.514   0.000        2.940      0.000   0.000      510.089 
              i_fifo_v3                                        fifo_v3_18                                                 268    434.532    75.557          53.998     38.808      6.272    332.514   0.000        2.940      0.000   0.000      510.089 
      slave_r_buffer_i                                         axi_r_buffer                                               804   1037.036   258.077         283.514     98.392     13.916    638.274   0.000        2.940      0.000   0.000     1295.113 
        i_axi_single_slice                                     axi_single_slice_2                                         804   1037.036   258.077         283.514     98.392     13.916    638.274   0.000        2.940      0.000   0.000     1295.113 
          i_fifo                                               fifo_2                                                     800   1035.860   256.567         282.730     98.392     13.524    638.274   0.000        2.940      0.000   0.000     1292.427 
            impl                                               fifo_v2_4                                                  800   1035.860   255.768         282.730     98.392     13.524    638.274   0.000        2.940      0.000   0.000     1291.628 
              i_fifo_v3                                        fifo_v3_17                                                 800   1035.860   255.768         282.730     98.392     13.524    638.274   0.000        2.940      0.000   0.000     1291.628 
      slave_w_buffer_i                                         axi_w_buffer                                               801   1031.842   259.336         290.178     80.164      6.174    652.386   0.000        2.940      0.000   0.000     1291.178 
        i_axi_single_slice                                     axi_single_slice_0                                         801   1031.842   259.336         290.178     80.164      6.174    652.386   0.000        2.940      0.000   0.000     1291.178 
          i_fifo                                               fifo_0                                                     797   1030.666   257.429         289.394     80.164      5.782    652.386   0.000        2.940      0.000   0.000     1288.095 
            impl                                               fifo_v2_3                                                  797   1030.666   256.829         289.394     80.164      5.782    652.386   0.000        2.940      0.000   0.000     1287.495 
              i_fifo_v3                                        fifo_v3_16                                                 797   1030.666   256.829         289.394     80.164      5.782    652.386   0.000        2.940      0.000   0.000     1287.495 
    i_axi2apb_64_32_timer                                      axi2apb_64_32_1                                           4624   5699.582  1554.899        1620.920    529.102     72.422   3452.148   0.000       24.990      0.000   0.000     7254.481 
      slave_ar_buffer_i                                        axi_ar_buffer_1                                            976   1262.926   312.230         341.530    132.888     15.582    769.986   0.000        2.940      0.000   0.000     1575.156 
        i_axi_single_slice                                     axi_single_slice_5                                         976   1262.926   312.230         341.530    132.888     15.582    769.986   0.000        2.940      0.000   0.000     1575.156 
          i_fifo                                               fifo_5                                                     972   1261.750   310.423         340.746    132.888     15.190    769.986   0.000        2.940      0.000   0.000     1572.173 
            impl                                               fifo_v2_2_3                                                972   1261.750   309.822         340.746    132.888     15.190    769.986   0.000        2.940      0.000   0.000     1571.572 
              i_fifo_v3                                        fifo_v3_15_3                                               972   1261.750   309.822         340.746    132.888     15.190    769.986   0.000        2.940      0.000   0.000     1571.572 
      slave_aw_buffer_i                                        axi_aw_buffer_1                                            951   1225.980   307.137         341.138    103.978      7.938    769.986   0.000        2.940      0.000   0.000     1533.117 
        i_axi_single_slice                                     axi_single_slice_4                                         951   1225.980   307.137         341.138    103.978      7.938    769.986   0.000        2.940      0.000   0.000     1533.117 
          i_fifo                                               fifo_4                                                     947   1224.804   305.329         340.354    103.978      7.546    769.986   0.000        2.940      0.000   0.000     1530.133 
            impl                                               fifo_v2_2_2                                                947   1224.804   304.729         340.354    103.978      7.546    769.986   0.000        2.940      0.000   0.000     1529.533 
              i_fifo_v3                                        fifo_v3_15_2                                               947   1224.804   304.729         340.354    103.978      7.546    769.986   0.000        2.940      0.000   0.000     1529.533 
      slave_b_buffer_i                                         axi_b_buffer_1                                             272    436.884    77.171          54.782     38.808      7.840    332.514   0.000        2.940      0.000   0.000      514.055 
        i_axi_single_slice                                     axi_single_slice_3_1                                       272    436.884    77.171          54.782     38.808      7.840    332.514   0.000        2.940      0.000   0.000      514.055 
          i_fifo                                               fifo_3_1                                                   268    435.708    76.157          53.998     38.808      7.448    332.514   0.000        2.940      0.000   0.000      511.865 
            impl                                               fifo_v2_5_1                                                268    435.708    75.557          53.998     38.808      7.448    332.514   0.000        2.940      0.000   0.000      511.265 
              i_fifo_v3                                        fifo_v3_18_1                                               268    435.708    75.557          53.998     38.808      7.448    332.514   0.000        2.940      0.000   0.000      511.265 
      slave_r_buffer_i                                         axi_r_buffer_1                                             814   1048.306   260.115         284.004    108.388     14.700    638.274   0.000        2.940      0.000   0.000     1308.421 
        i_axi_single_slice                                     axi_single_slice_2_1                                       814   1048.306   260.115         284.004    108.388     14.700    638.274   0.000        2.940      0.000   0.000     1308.421 
          i_fifo                                               fifo_2_1                                                   810   1047.130   258.605         283.220    108.388     14.308    638.274   0.000        2.940      0.000   0.000     1305.735 
            impl                                               fifo_v2_4_1                                                810   1047.130   257.805         283.220    108.388     14.308    638.274   0.000        2.940      0.000   0.000     1304.935 
              i_fifo_v3                                        fifo_v3_17_1                                               810   1047.130   257.805         283.220    108.388     14.308    638.274   0.000        2.940      0.000   0.000     1304.935 
      slave_w_buffer_i                                         axi_w_buffer_1                                             797   1035.762   258.521         289.884     81.830      8.722    652.386   0.000        2.940      0.000   0.000     1294.283 
        i_axi_single_slice                                     axi_single_slice_0_1                                       797   1035.762   258.521         289.884     81.830      8.722    652.386   0.000        2.940      0.000   0.000     1294.283 
          i_fifo                                               fifo_0_1                                                   793   1034.586   256.614         289.100     81.830      8.330    652.386   0.000        2.940      0.000   0.000     1291.200 
            impl                                               fifo_v2_3_1                                                793   1034.586   256.014         289.100     81.830      8.330    652.386   0.000        2.940      0.000   0.000     1290.600 
              i_fifo_v3                                        fifo_v3_16_1                                               793   1034.586   256.014         289.100     81.830      8.330    652.386   0.000        2.940      0.000   0.000     1290.600 
    i_plic                                                     plic_top                                                  2171   1295.756   750.472         812.028     57.918     61.740    327.320   0.000       36.750      0.000   0.000     2046.228 
      gen_target[0].i_target                                   rv_plic_target                                             654    321.930   203.203         289.786      0.000     20.972     11.172   0.000        0.000      0.000   0.000      525.133 
      gen_target[1].i_target                                   rv_plic_target_1                                           624    300.860   192.514         266.168      0.000     23.520     11.172   0.000        0.000      0.000   0.000      493.374 
      i_plic_regs                                              plic_regs                                                  506    241.374   112.742         187.572     43.708     10.094      0.000   0.000        0.000      0.000   0.000      354.116 
      i_rv_plic_gateway                                        rv_plic_gateway                                             28     21.168     5.287           5.488      0.000      0.784     14.896   0.000        0.000      0.000   0.000       26.455 
    i_timer                                                    apb_timer                                                 1063   1068.298   349.447         501.368     65.856     15.582    476.672   0.000        8.820      0.000   0.000     1417.745 
      TIMER_GEN[0].timer_i                                     timer                                                      506    515.774   162.899         238.140     28.224      6.664    238.336   0.000        4.410      0.000   0.000      678.673 
      TIMER_GEN[1].timer_i                                     timer_1                                                    508    516.656   163.505         239.022     28.224      6.664    238.336   0.000        4.410      0.000   0.000      680.161 
  i_rstgen_main                                                rstgen                                                       4      7.448     0.611           0.000      0.000      0.000      7.448   0.000        0.000      0.000   0.000        8.059 
    i_rstgen_bypass                                            rstgen_bypass                                                4      7.448     0.611           0.000      0.000      0.000      7.448   0.000        0.000      0.000   0.000        8.059 
  i_bootrom                                                    bootrom                                                     29     17.640     4.221           9.114      0.000      0.392      6.664   0.000        1.470      0.000   0.000       21.861 
