============================================================
  Generated by:           Genus(TM) Synthesis Solution 19.12-s121_1
  Generated on:           Dec 07 2024  01:28:55 am
  Module:                 soc
  Operating conditions:   tt0p8v25c 
  Operating conditions:   tt0p8v85c 
  Interconnect mode:      global
  Area mode:              physical library
============================================================


Path 1: VIOLATED (-8 ps) Late External Delay Assertion at pin clk_led
           View: func_tt_0p80v_85c
          Group: C2O_func_tt_0p80v_25c
     Startpoint: (R) clk_led_reg/CP
          Clock: (R) clk
       Endpoint: (R) clk_led
          Clock: (R) vclk

                     Capture       Launch     
        Clock Edge:+    2000            0     
       Src Latency:+       0            0     
       Net Latency:+       0 (I)        0 (I) 
           Arrival:=    2000            0     
                                              
      Output Delay:-    1200                  
       Uncertainty:-     210                  
       Path Adjust:+    -100                  
     Required Time:=     490                  
      Launch Clock:-       0                  
         Data Path:-     498                  
             Slack:=      -8                  

Exceptions/Constraints:
  path_adjust              -100            tmp_sdc_func_tt_0p80_3_line_154646 
  output_delay             1200            tmp_sdc_func_tt_0p80_3_line_155325 

#-------------------------------------------------------------------------------------------------------
# Timing Point   Flags   Arc   Edge          Cell            Fanout  Load  Trans Delay Arrival Instance 
#                                                                    (fF)   (ps)  (ps)   (ps)  Location 
#-------------------------------------------------------------------------------------------------------
  clk_led_reg/CP -       -     R     (arrival)                 2344      -     0     -       0    (-,-) 
  clk_led_reg/Q  -       CP->Q R     SDFCNQOPTBD4BWP7T30P140      1    2.5    11    38      38    (-,-) 
  fopt1946/Z     -       I->Z  R     DCCKBD16BWP7T30P140          2 1501.6   688   392     431    (-,-) 
  clk_led        -       -     R     (port)                       -      -     -    68     498    (-,-) 
#-------------------------------------------------------------------------------------------------------



Path 2: MET (62 ps) Setup Check with Pin i_cpu/csr_regfile_i/dpc_q_reg[63]/CP->D
           View: func_tt_0p80v_85c
          Group: C2C_func_tt_0p80v_25c
     Startpoint: (R) i_cpu/issue_stage_i/i_scoreboard/commit_pointer_q_reg[0][2]/CP
          Clock: (R) clk
       Endpoint: (F) i_cpu/csr_regfile_i/dpc_q_reg[63]/D
          Clock: (R) clk

                     Capture       Launch     
        Clock Edge:+    2000            0     
       Src Latency:+       0            0     
       Net Latency:+       0 (I)        0 (I) 
           Arrival:=    2000            0     
                                              
             Setup:-      14                  
       Uncertainty:-     260                  
       Path Adjust:+    -100                  
     Required Time:=    1626                  
      Launch Clock:-       0                  
         Data Path:-    1564                  
             Slack:=      62                  

Exceptions/Constraints:
  path_adjust             -100            tmp_sdc_func_tt_0p80_3_line_77670 

#------------------------------------------------------------------------------------------------------------------------------------------------------
#                         Timing Point                           Flags    Arc   Edge          Cell            Fanout Load Trans Delay Arrival Instance 
#                                                                                                                    (fF)  (ps)  (ps)   (ps)  Location 
#------------------------------------------------------------------------------------------------------------------------------------------------------
  i_cpu/issue_stage_i/i_scoreboard/commit_pointer_q_reg[0][2]/CP -       -      R     (arrival)                    3    -     0     -       0    (-,-) 
  i_cpu/issue_stage_i/i_scoreboard/commit_pointer_q_reg[0][2]/Q  -       CP->Q  F     DFCNQD2BWP7T30P140           6  5.9    21    57      57    (-,-) 
  i_cpu/issue_stage_i/i_scoreboard/g5387/ZN                      -       I->ZN  R     INVD2BWP7T30P140             2  3.0    16    16      73    (-,-) 
  i_cpu/issue_stage_i/i_scoreboard/g5348/ZN                      -       A1->ZN F     CKND2D4BWP7T30P140           5  4.8    20    16      89    (-,-) 
  i_cpu/issue_stage_i/i_scoreboard/g5275/Z                       -       A1->Z  F     OR2D4BWP7T30P140             1  1.4     8    23     112    (-,-) 
  i_cpu/issue_stage_i/i_scoreboard/drc_buf_sp196395/Z            -       I->Z   F     DCCKBD4BWP7T30P140           2  2.4     7    15     127    (-,-) 
  i_cpu/issue_stage_i/i_scoreboard/drc_buf_sp196394/Z            -       I->Z   F     CKBD6BWP7T30P140             9  8.5    13    20     146    (-,-) 
  i_cpu/issue_stage_i/i_scoreboard/g5269/ZN                      -       I->ZN  R     INVD4BWP7T30P140            16 12.4    25    20     166    (-,-) 
  i_cpu/issue_stage_i/i_scoreboard/g181483/ZN                    -       B1->ZN F     AOI22OPTPBD1BWP7T30P140      1  2.6    40    30     197    (-,-) 
  i_cpu/issue_stage_i/i_scoreboard/g178102/ZN                    -       A2->ZN R     ND3OPTPAD6BWP7T30P140        5  4.3    20    23     220    (-,-) 
  i_cpu/csr_regfile_i/add_1218_34_g1829/ZN                       -       I->ZN  F     INVD1BWP7T30P140             2  2.2    19    17     237    (-,-) 
  i_cpu/csr_regfile_i/add_1218_34_g1828/ZN                       -       A1->ZN R     CKND2D2BWP7T30P140           3  3.0    29    20     256    (-,-) 
  i_cpu/csr_regfile_i/add_1218_34_g1825/ZN                       -       A1->ZN F     CKND2D2BWP7T30P140           2  3.1    25    21     278    (-,-) 
  i_cpu/csr_regfile_i/add_1218_34_g1877/ZN                       -       B1->ZN R     INR2D4BWP7T30P140            2  2.4    17    18     295    (-,-) 
  i_cpu/csr_regfile_i/add_1218_34_g1871/Z                        -       A2->Z  R     AN2D2BWP7T30P140             2  2.4    15    27     323    (-,-) 
  i_cpu/csr_regfile_i/add_1218_34_g1817/Z                        -       A1->Z  R     AN2D2BWP7T30P140             2  2.6    15    27     349    (-,-) 
  i_cpu/csr_regfile_i/add_1218_34_g1815/ZN                       -       A1->ZN F     CKND2D2BWP7T30P140           2  2.5    24    16     365    (-,-) 
  i_cpu/csr_regfile_i/add_1218_34_g1882/ZN                       -       B1->ZN R     INR2D2BWP7T30P140            2  2.4    24    22     388    (-,-) 
  i_cpu/csr_regfile_i/add_1218_34_g1869/Z                        -       A2->Z  R     AN2D2BWP7T30P140             2  2.6    15    29     417    (-,-) 
  i_cpu/csr_regfile_i/add_1218_34_g1807/Z                        -       A1->Z  R     CKAN2D4BWP7T30P140           2  2.4    11    21     438    (-,-) 
  i_cpu/csr_regfile_i/add_1218_34_g1805/Z                        -       A1->Z  R     AN2D2BWP7T30P140             2  2.8    16    26     464    (-,-) 
  i_cpu/csr_regfile_i/add_1218_34_g1803/ZN                       -       A1->ZN F     CKND2D3BWP7T30P140           2  3.1    26    15     479    (-,-) 
  i_cpu/csr_regfile_i/add_1218_34_g1884/ZN                       -       B1->ZN R     INR2D4BWP7T30P140            2  2.7    18    19     498    (-,-) 
  i_cpu/csr_regfile_i/add_1218_34_g1867/Z                        -       A2->Z  R     CKAN2D4BWP7T30P140           2  2.6    12    23     520    (-,-) 
  i_cpu/csr_regfile_i/add_1218_34_g1795/Z                        -       A1->Z  R     CKAN2D4BWP7T30P140           2  2.8    12    21     541    (-,-) 
  i_cpu/csr_regfile_i/add_1218_34_g1793/ZN                       -       A1->ZN F     CKND2D3BWP7T30P140           2  2.7    26    13     554    (-,-) 
  i_cpu/csr_regfile_i/add_1218_34_g1886/ZN                       -       B1->ZN R     INR2OPTPAD2BWP7T30P140       2  2.7    22    23     578    (-,-) 
  i_cpu/csr_regfile_i/add_1218_34_g1865/Z                        -       A2->Z  R     CKAN2D4BWP7T30P140           2  2.6    12    24     601    (-,-) 
  i_cpu/csr_regfile_i/add_1218_34_g1785/Z                        -       A1->Z  R     CKAN2D4BWP7T30P140           2  2.7    12    21     622    (-,-) 
  i_cpu/csr_regfile_i/add_1218_34_g1783/ZN                       -       A1->ZN F     ND2OPTPAD2BWP7T30P140        2  3.1    30    16     638    (-,-) 
  i_cpu/csr_regfile_i/add_1218_34_g1874/ZN                       -       B1->ZN R     INR2D4BWP7T30P140            2  2.7    19    20     658    (-,-) 
  i_cpu/csr_regfile_i/add_1218_34_g1863/Z                        -       A2->Z  R     CKAN2D4BWP7T30P140           2  2.6    12    23     681    (-,-) 
  i_cpu/csr_regfile_i/add_1218_34_g1775/Z                        -       A1->Z  R     CKAN2D4BWP7T30P140           2  2.6    12    20     701    (-,-) 
  i_cpu/csr_regfile_i/add_1218_34_g1773/Z                        -       A1->Z  R     CKAN2D4BWP7T30P140           2  2.7    12    20     722    (-,-) 
  i_cpu/csr_regfile_i/add_1218_34_g1771/ZN                       -       A1->ZN F     ND2OPTPAD2BWP7T30P140        2  3.1    29    16     738    (-,-) 
  i_cpu/csr_regfile_i/add_1218_34_g1878/ZN                       -       B1->ZN R     INR2D4BWP7T30P140            2  2.7    19    19     758    (-,-) 
  i_cpu/csr_regfile_i/add_1218_34_g1861/Z                        -       A2->Z  R     CKAN2D4BWP7T30P140           2  2.6    12    23     781    (-,-) 
  i_cpu/csr_regfile_i/add_1218_34_g1763/Z                        -       A1->Z  R     CKAN2D4BWP7T30P140           2  2.6    12    20     801    (-,-) 
  i_cpu/csr_regfile_i/add_1218_34_g1761/Z                        -       A1->Z  R     CKAN2D4BWP7T30P140           2  2.7    12    20     822    (-,-) 
  i_cpu/csr_regfile_i/add_1218_34_g1759/ZN                       -       A1->ZN F     ND2OPTPAD2BWP7T30P140        2  3.1    29    16     838    (-,-) 
  i_cpu/csr_regfile_i/add_1218_34_g1879/ZN                       -       B1->ZN R     INR2D4BWP7T30P140            2  2.7    19    19     858    (-,-) 
  i_cpu/csr_regfile_i/add_1218_34_g1859/Z                        -       A2->Z  R     CKAN2D4BWP7T30P140           2  2.6    12    23     880    (-,-) 
  i_cpu/csr_regfile_i/add_1218_34_g1751/Z                        -       A1->Z  R     CKAN2D4BWP7T30P140           2  2.8    12    21     901    (-,-) 
  i_cpu/csr_regfile_i/add_1218_34_g1749/ZN                       -       A1->ZN F     CKND2D3BWP7T30P140           2  3.1    28    14     915    (-,-) 
  i_cpu/csr_regfile_i/add_1218_34_g1887/ZN                       -       B1->ZN R     INR2D4BWP7T30P140            2  2.7    18    19     934    (-,-) 
  i_cpu/csr_regfile_i/add_1218_34_g1857/Z                        -       A2->Z  R     CKAN2D4BWP7T30P140           2  2.6    12    23     957    (-,-) 
  i_cpu/csr_regfile_i/add_1218_34_g1741/Z                        -       A1->Z  R     CKAN2D4BWP7T30P140           2  2.8    12    21     978    (-,-) 
  i_cpu/csr_regfile_i/add_1218_34_g1739/ZN                       -       A1->ZN F     CKND2D3BWP7T30P140           2  3.1    28    14     992    (-,-) 
  i_cpu/csr_regfile_i/add_1218_34_g1883/ZN                       -       B1->ZN R     INR2D4BWP7T30P140            2  2.7    18    19    1011    (-,-) 
  i_cpu/csr_regfile_i/add_1218_34_g1855/Z                        -       A2->Z  R     CKAN2D4BWP7T30P140           2  2.6    12    23    1034    (-,-) 
  i_cpu/csr_regfile_i/add_1218_34_g1731/Z                        -       A1->Z  R     CKAN2D4BWP7T30P140           2  2.6    12    20    1055    (-,-) 
  i_cpu/csr_regfile_i/add_1218_34_g1729/Z                        -       A1->Z  R     CKAN2D4BWP7T30P140           2  2.7    12    20    1075    (-,-) 
  i_cpu/csr_regfile_i/add_1218_34_g1727/ZN                       -       A1->ZN F     ND2OPTPAD2BWP7T30P140        2  3.1    29    16    1092    (-,-) 
  i_cpu/csr_regfile_i/add_1218_34_g1885/ZN                       -       B1->ZN R     INR2D4BWP7T30P140            2  2.7    19    19    1111    (-,-) 
  i_cpu/csr_regfile_i/add_1218_34_g1853/Z                        -       A2->Z  R     CKAN2D4BWP7T30P140           2  2.6    12    23    1134    (-,-) 
  i_cpu/csr_regfile_i/add_1218_34_g1719/Z                        -       A1->Z  R     CKAN2D4BWP7T30P140           2  2.8    12    21    1155    (-,-) 
  i_cpu/csr_regfile_i/add_1218_34_g1717/ZN                       -       A1->ZN F     CKND2D3BWP7T30P140           2  3.1    28    14    1169    (-,-) 
  i_cpu/csr_regfile_i/add_1218_34_g1880/ZN                       -       B1->ZN R     INR2D4BWP7T30P140            2  2.7    18    19    1188    (-,-) 
  i_cpu/csr_regfile_i/add_1218_34_g1851/Z                        -       A2->Z  R     CKAN2D4BWP7T30P140           2  2.6    12    23    1211    (-,-) 
  i_cpu/csr_regfile_i/add_1218_34_g1709/Z                        -       A1->Z  R     CKAN2D4BWP7T30P140           2  2.8    12    21    1232    (-,-) 
  i_cpu/csr_regfile_i/add_1218_34_g1707/ZN                       -       A1->ZN F     CKND2D3BWP7T30P140           2  3.1    28    14    1246    (-,-) 
  i_cpu/csr_regfile_i/add_1218_34_g1875/ZN                       -       B1->ZN R     INR2D4BWP7T30P140            2  2.7    18    19    1265    (-,-) 
  i_cpu/csr_regfile_i/add_1218_34_g1849/Z                        -       A2->Z  R     CKAN2D4BWP7T30P140           2  2.6    11    23    1288    (-,-) 
  i_cpu/csr_regfile_i/add_1218_34_g1699/Z                        -       A1->Z  R     CKAN2D4BWP7T30P140           2  2.8    11    20    1308    (-,-) 
  i_cpu/csr_regfile_i/add_1218_34_g1697/ZN                       -       A1->ZN F     CKND2D3BWP7T30P140           2  3.1    22    14    1322    (-,-) 
  i_cpu/csr_regfile_i/add_1218_34_g1876/ZN                       -       B1->ZN R     INR2D4BWP7T30P140            2  2.7    17    17    1340    (-,-) 
  i_cpu/csr_regfile_i/add_1218_34_g1847/Z                        -       A2->Z  R     CKAN2D4BWP7T30P140           2  2.6    11    23    1362    (-,-) 
  i_cpu/csr_regfile_i/add_1218_34_g1689/ZN                       -       A1->ZN F     CKND2D2BWP7T30P140           2  3.1    26    17    1379    (-,-) 
  i_cpu/csr_regfile_i/add_1218_34_g1686/ZN                       -       B1->ZN R     INR2D4BWP7T30P140            2  2.2    16    17    1396    (-,-) 
  i_cpu/csr_regfile_i/add_1218_34_g1684/ZN                       -       A1->ZN F     CKND2D2BWP7T30P140           2  3.0    26    18    1414    (-,-) 
  i_cpu/csr_regfile_i/add_1218_34_g1681/ZN                       -       A1->ZN R     NR2OPTPAD4BWP7T30P140        1  2.1    15    16    1430    (-,-) 
  i_cpu/csr_regfile_i/add_1218_34_g1679/CO                       -       B->CO  R     HA1D2BWP7T30P140             1  2.1    14    26    1456    (-,-) 
  i_cpu/csr_regfile_i/add_1218_34_g1678/CO                       -       B->CO  R     HA1D1BWP7T30P140             1  1.6    16    25    1482    (-,-) 
  i_cpu/csr_regfile_i/add_1218_34_g1881/Z                        -       A1->Z  F     XOR2D2BWP7T30P140            1  1.2    14    43    1525    (-,-) 
  i_cpu/csr_regfile_i/g16505/Z                                   -       A1->Z  F     AO221D1BWP7T30P140           1  1.2    18    39    1564    (-,-) 
  i_cpu/csr_regfile_i/dpc_q_reg[63]/D                            -       -      F     DFCNQD1BWP7T30P140           1    -     -     0    1564    (-,-) 
#------------------------------------------------------------------------------------------------------------------------------------------------------



Path 3: MET (69 ps) Setup Check with Pin i_cpu/ex_stage_i/i_mult/i_multiplier/mult_result_q_reg[127]/CP->D
           View: func_tt_0p80v_85c
          Group: C2C_func_tt_0p80v_25c
     Startpoint: (R) i_cpu/issue_stage_i/i_issue_read_operands/mult_valid_q_reg/CP
          Clock: (R) clk
       Endpoint: (F) i_cpu/ex_stage_i/i_mult/i_multiplier/mult_result_q_reg[127]/D
          Clock: (R) clk

                     Capture       Launch     
        Clock Edge:+    2000            0     
       Src Latency:+       0            0     
       Net Latency:+       0 (I)        0 (I) 
           Arrival:=    2000            0     
                                              
             Setup:-      14                  
       Uncertainty:-     260                  
       Path Adjust:+    -100                  
     Required Time:=    1626                  
      Launch Clock:-       0                  
         Data Path:-    1557                  
             Slack:=      69                  

Exceptions/Constraints:
  path_adjust             -100            tmp_sdc_func_tt_0p80_3_line_77670 

#-----------------------------------------------------------------------------------------------------------------------------------------------------
#                         Timing Point                          Flags    Arc   Edge          Cell            Fanout Load Trans Delay Arrival Instance 
#                                                                                                                   (fF)  (ps)  (ps)   (ps)  Location 
#-----------------------------------------------------------------------------------------------------------------------------------------------------
  i_cpu/issue_stage_i/i_issue_read_operands/mult_valid_q_reg/CP -       -      R     (arrival)                 2344    -     0     -       0    (-,-) 
  i_cpu/issue_stage_i/i_issue_read_operands/mult_valid_q_reg/Q  -       CP->Q  R     DFCNQD4BWP7T30P140          11 13.9    30    64      64    (-,-) 
  i_cpu/ex_stage_i/g1124/Z                                      -       I->Z   R     CKBD12BWP7T30P140           15 15.9    14    26      89    (-,-) 
  i_cpu/ex_stage_i/g1116/Z                                      -       I->Z   R     BUFFD8BWP7T30P140           11 11.0    14    21     110    (-,-) 
  i_cpu/ex_stage_i/g1115/ZN                                     -       I->ZN  F     INVD6BWP7T30P140             3  6.7    11    10     121    (-,-) 
  i_cpu/ex_stage_i/g1113/ZN                                     -       I->ZN  R     INVD6BWP7T30P140            12 11.8    17    15     135    (-,-) 
  i_cpu/ex_stage_i/g1038/Z                                      -       A2->Z  R     AN2D2BWP7T30P140            16 14.7    55    52     187    (-,-) 
  i_cpu/ex_stage_i/i_mult/i_multiplier/mul_109_5_g104001/ZN     -       I->ZN  F     INVD1BWP7T30P140            11  9.5    68    56     243    (-,-) 
  i_cpu/ex_stage_i/i_mult/i_multiplier/mul_109_5_g104000/ZN     -       I->ZN  R     INVD1BWP7T30P140            14 13.4   108    85     329    (-,-) 
  i_cpu/ex_stage_i/i_mult/i_multiplier/mul_109_5_g100828/ZN     -       B1->ZN F     OAI22D1BWP7T30P140           2  2.0    44    43     371    (-,-) 
  i_cpu/ex_stage_i/i_mult/i_multiplier/mul_109_5_g97746/ZN      -       B1->ZN F     MOAI22D1BWP7T30P140          1  2.1    40    42     414    (-,-) 
  i_cpu/ex_stage_i/i_mult/i_multiplier/mul_109_5_g95701/CO      -       CI->CO F     FA1OPTCD1BWP7T30P140         1  2.5    25    40     454    (-,-) 
  i_cpu/ex_stage_i/i_mult/i_multiplier/mul_109_5_g94868/CO      -       B->CO  F     FA1OPTCD1BWP7T30P140         1  2.5    25    54     507    (-,-) 
  i_cpu/ex_stage_i/i_mult/i_multiplier/mul_109_5_g94584/CO      -       B->CO  F     FA1OPTCD1BWP7T30P140         1  2.6    26    54     562    (-,-) 
  i_cpu/ex_stage_i/i_mult/i_multiplier/mul_109_5_g94295/S       -       A->S   R     FA1OPTCD1BWP7T30P140         1  2.5    27    79     640    (-,-) 
  i_cpu/ex_stage_i/i_mult/i_multiplier/mul_109_5_g94023/S       -       B->S   F     FA1OPTCD1BWP7T30P140         1  2.5    26    74     714    (-,-) 
  i_cpu/ex_stage_i/i_mult/i_multiplier/mul_109_5_g93746/S       -       B->S   R     FA1OPTCD1BWP7T30P140         1  2.1    25    76     791    (-,-) 
  i_cpu/ex_stage_i/i_mult/i_multiplier/mul_109_5_g93597/S       -       CI->S  F     FA1OPTCD1BWP7T30P140         2  1.9    23    54     845    (-,-) 
  i_cpu/ex_stage_i/i_mult/i_multiplier/mul_109_5_g93593/ZN      -       A1->ZN R     NR2OPTPAD1BWP7T30P140        4  3.6    44    35     880    (-,-) 
  i_cpu/ex_stage_i/i_mult/i_multiplier/mul_109_5_g93552/Z       -       A2->Z  R     OA21D1BWP7T30P140            2  2.0    20    36     916    (-,-) 
  i_cpu/ex_stage_i/i_mult/i_multiplier/mul_109_5_g93540/Z       -       A1->Z  R     OA21D1BWP7T30P140            1  1.2    15    25     941    (-,-) 
  i_cpu/ex_stage_i/i_mult/i_multiplier/mul_109_5_g93531/Z       -       A1->Z  R     OA21D1BWP7T30P140            2  1.9    19    27     968    (-,-) 
  i_cpu/ex_stage_i/i_mult/i_multiplier/mul_109_5_g93526/ZN      -       A2->ZN F     OAI221D1BWP7T30P140          2  1.9    52    35    1003    (-,-) 
  i_cpu/ex_stage_i/i_mult/i_multiplier/mul_109_5_g93520/ZN      -       A1->ZN R     AOI21D1BWP7T30P140           1  1.2    33    33    1036    (-,-) 
  i_cpu/ex_stage_i/i_mult/i_multiplier/mul_109_5_g93516/Z       -       A1->Z  R     OA221D1BWP7T30P140           1  2.5    27    48    1084    (-,-) 
  i_cpu/ex_stage_i/i_mult/i_multiplier/mul_109_5_g93424/ZN      -       B->ZN  F     OAI21OPTBD4BWP7T30P140       3  3.5    22    20    1104    (-,-) 
  i_cpu/ex_stage_i/i_mult/i_multiplier/mul_109_5_g93421/ZN      -       A1->ZN R     CKND2D4BWP7T30P140           2  2.8    18    16    1119    (-,-) 
  i_cpu/ex_stage_i/i_mult/i_multiplier/mul_109_5_g93403/ZN      -       A1->ZN F     OAI21OPTBD4BWP7T30P140       4  4.3    22    17    1136    (-,-) 
  i_cpu/ex_stage_i/i_mult/i_multiplier/mul_109_5_g93392/ZN      -       A1->ZN R     CKND2D4BWP7T30P140           1  2.0    16    14    1151    (-,-) 
  i_cpu/ex_stage_i/i_mult/i_multiplier/mul_109_5_g93389/ZN      -       A1->ZN F     ND2OPTPAD4BWP7T30P140        2  3.7    16    14    1165    (-,-) 
  i_cpu/ex_stage_i/i_mult/i_multiplier/mul_109_5_g93375/ZN      -       A1->ZN R     CKND2D8BWP7T30P140           3  4.1    15    13    1178    (-,-) 
  i_cpu/ex_stage_i/i_mult/i_multiplier/mul_109_5_g93363/ZN      -       A1->ZN F     OAI21OPTBD6BWP7T30P140       5  5.3    21    15    1193    (-,-) 
  i_cpu/ex_stage_i/i_mult/i_multiplier/mul_109_5_g93353/ZN      -       A1->ZN R     AOI21OPTBD4BWP7T30P140       1  2.1    18    17    1210    (-,-) 
  i_cpu/ex_stage_i/i_mult/i_multiplier/mul_109_5_g93343/ZN      -       A1->ZN F     OAI21OPTBD4BWP7T30P140       1  2.1    17    14    1223    (-,-) 
  i_cpu/ex_stage_i/i_mult/i_multiplier/mul_109_5_g93332/ZN      -       A1->ZN R     AOI21D4BWP7T30P140           1  2.1    21    17    1240    (-,-) 
  i_cpu/ex_stage_i/i_mult/i_multiplier/mul_109_5_g93323/ZN      -       A1->ZN F     OAI21OPTBD4BWP7T30P140       1  1.8    25    14    1254    (-,-) 
  i_cpu/ex_stage_i/i_mult/i_multiplier/mul_109_5_g93318/ZN      -       A1->ZN R     CKND2D4BWP7T30P140           1  1.8    13    15    1268    (-,-) 
  i_cpu/ex_stage_i/i_mult/i_multiplier/mul_109_5_g93316/ZN      -       A1->ZN F     CKND2D4BWP7T30P140           2  2.8    16    12    1280    (-,-) 
  i_cpu/ex_stage_i/i_mult/i_multiplier/mul_109_5_g93313/ZN      -       A1->ZN R     CKND2D4BWP7T30P140           3  3.7    18    16    1296    (-,-) 
  i_cpu/ex_stage_i/i_mult/i_multiplier/mul_109_5_g93310/ZN      -       A1->ZN F     OAI21OPTBD4BWP7T30P140       3  3.5    20    16    1311    (-,-) 
  i_cpu/ex_stage_i/i_mult/i_multiplier/mul_109_5_g93307/ZN      -       A1->ZN R     CKND2D4BWP7T30P140           2  2.9    17    15    1327    (-,-) 
  i_cpu/ex_stage_i/i_mult/i_multiplier/mul_109_5_g93301/ZN      -       A1->ZN F     OAI21OPTBD4BWP7T30P140       1  2.1    27    13    1340    (-,-) 
  i_cpu/ex_stage_i/i_mult/i_multiplier/mul_109_5_g93296/ZN      -       A1->ZN R     AOI21OPTBD4BWP7T30P140       1  2.6    21    20    1359    (-,-) 
  i_cpu/ex_stage_i/i_mult/i_multiplier/mul_109_5_g93294/ZN      -       A1->ZN F     OAI21OPTBD6BWP7T30P140       4  4.2    27    15    1375    (-,-) 
  i_cpu/ex_stage_i/i_mult/i_multiplier/mul_109_5_g93293/ZN      -       A1->ZN R     CKND2D4BWP7T30P140           1  2.0    14    16    1390    (-,-) 
  i_cpu/ex_stage_i/i_mult/i_multiplier/mul_109_5_g93291/ZN      -       A1->ZN F     ND2D4BWP7T30P140             1  2.1    17    12    1402    (-,-) 
  i_cpu/ex_stage_i/i_mult/i_multiplier/mul_109_5_g93288/CO      -       CI->CO F     FA1D4BWP7T30P140             2  3.2    14    33    1435    (-,-) 
  i_cpu/ex_stage_i/i_mult/i_multiplier/mul_109_5_g93286/ZN      -       A1->ZN R     AOI21OPTBD4BWP7T30P140       2  2.9    21    16    1451    (-,-) 
  i_cpu/ex_stage_i/i_mult/i_multiplier/mul_109_5_g93283/ZN      -       A1->ZN F     OAI21OPTBD4BWP7T30P140       1  2.1    23    14    1466    (-,-) 
  i_cpu/ex_stage_i/i_mult/i_multiplier/mul_109_5_g93282/CO      -       CI->CO F     FA1D4BWP7T30P140             1  2.1    13    33    1499    (-,-) 
  i_cpu/ex_stage_i/i_mult/i_multiplier/mul_109_5_g93281/CO      -       CI->CO F     FA1OPTCD1BWP7T30P140         2  2.5    25    32    1531    (-,-) 
  i_cpu/ex_stage_i/i_mult/i_multiplier/mul_109_5_g93280/ZN      -       B1->ZN F     MOAI22OPTBD2BWP7T30P140      1  1.2    16    26    1557    (-,-) 
  i_cpu/ex_stage_i/i_mult/i_multiplier/mult_result_q_reg[127]/D -       -      F     DFCNQD1BWP7T30P140           1    -     -     0    1557    (-,-) 
#-----------------------------------------------------------------------------------------------------------------------------------------------------



Path 4: MET (70 ps) Setup Check with Pin i_cpu/issue_stage_i/i_scoreboard/RC_CG_HIER_INST113/RC_CGIC_INST/CP->E
           View: func_tt_0p80v_85c
          Group: C2C_func_tt_0p80v_25c
     Startpoint: (R) i_cpu/issue_stage_i/i_issue_read_operands/branch_valid_q_reg/CP
          Clock: (R) clk
       Endpoint: (R) i_cpu/issue_stage_i/i_scoreboard/RC_CG_HIER_INST113/RC_CGIC_INST/E
          Clock: (R) clk

                     Capture       Launch     
        Clock Edge:+    2000            0     
       Src Latency:+       0            0     
       Net Latency:+       0 (I)        0 (I) 
           Arrival:=    2000            0     
                                              
             Setup:-      31                  
       Uncertainty:-     260                  
       Path Adjust:+    -120                  
     Required Time:=    1589                  
      Launch Clock:-       0                  
         Data Path:-    1518                  
             Slack:=      70                  

Exceptions/Constraints:
  path_adjust             -100            tmp_sdc_func_tt_0p80_3_line_77670  
  path_adjust             -20             tmp_sdc_func_tt_0p80_3_line_155026 

#----------------------------------------------------------------------------------------------------------------------------------------------------------
#                           Timing Point                             Flags    Arc   Edge          Cell            Fanout Load Trans Delay Arrival Instance 
#                                                                                                                        (fF)  (ps)  (ps)   (ps)  Location 
#----------------------------------------------------------------------------------------------------------------------------------------------------------
  i_cpu/issue_stage_i/i_issue_read_operands/branch_valid_q_reg/CP    -       -      R     (arrival)                 2344    -     0     -       0    (-,-) 
  i_cpu/issue_stage_i/i_issue_read_operands/branch_valid_q_reg/Q     -       CP->Q  R     DFCNQD2BWP7T30P140          10 12.1    46    70      70    (-,-) 
  i_cpu/ex_stage_i/g2295/Z                                           -       A2->Z  R     OR2OPTPAD8BWP7T30P140        9  9.8    13    26      96    (-,-) 
  i_cpu/ex_stage_i/g208/Z                                            -       A1->Z  R     AN2D2BWP7T30P140             6  5.8    25    33     129    (-,-) 
  i_cpu/ex_stage_i/alu_i/g52728/ZN                                   -       A1->ZN F     NR2OPTPAD1BWP7T30P140        1  1.7    18    17     146    (-,-) 
  i_cpu/ex_stage_i/alu_i/g52724/ZN                                   -       A2->ZN R     ND2OPTPAD2BWP7T30P140       15 13.2    52    36     182    (-,-) 
  i_cpu/ex_stage_i/alu_i/g52808/ZN                                   -       I->ZN  F     INVD2BWP7T30P140             2  2.4    20    17     199    (-,-) 
  i_cpu/ex_stage_i/alu_i/g52802/ZN                                   -       A2->ZN R     ND2OPTPAD1BWP7T30P140        2  2.1    23    22     221    (-,-) 
  i_cpu/ex_stage_i/alu_i/g52792/ZN                                   -       A2->ZN F     CKND2D2BWP7T30P140           1  1.2    15    14     236    (-,-) 
  i_cpu/ex_stage_i/alu_i/g80492/ZN                                   -       A1->ZN F     IND4D2BWP7T30P140            5  7.6    59    56     292    (-,-) 
  i_cpu/ex_stage_i/alu_i/g52785/ZN                                   -       I->ZN  R     INVD3BWP7T30P140            12 10.2    36    38     329    (-,-) 
  i_cpu/ex_stage_i/alu_i/g52747/ZN                                   -       A1->ZN F     MOAI22D2BWP7T30P140          5  5.4    23    52     381    (-,-) 
  i_cpu/ex_stage_i/alu_i/add_107_53_g6746/ZN                         -       A2->ZN R     ND2OPTPAD1BWP7T30P140        2  2.9    30    26     407    (-,-) 
  i_cpu/ex_stage_i/alu_i/add_107_53_g6511/ZN                         -       B->ZN  F     OAI21D4BWP7T30P140           3  3.7    24    24     431    (-,-) 
  i_cpu/ex_stage_i/alu_i/add_107_53_g6506/ZN                         -       A1->ZN R     AOI21D4BWP7T30P140           3  3.7    27    22     454    (-,-) 
  i_cpu/ex_stage_i/alu_i/add_107_53_g6503/ZN                         -       A1->ZN F     OAI21OPTBD4BWP7T30P140       3  3.4    24    18     471    (-,-) 
  i_cpu/ex_stage_i/alu_i/add_107_53_g6501/ZN                         -       A1->ZN R     CKND2D4BWP7T30P140           1  2.7    16    16     488    (-,-) 
  i_cpu/ex_stage_i/alu_i/add_107_53_g6499/ZN                         -       A1->ZN F     CKND2D8BWP7T30P140           4  4.9    20    12     499    (-,-) 
  i_cpu/ex_stage_i/alu_i/add_107_53_g6496/ZN                         -       A1->ZN R     AOI21OPTBD4BWP7T30P140       3  4.0    25    20     520    (-,-) 
  i_cpu/ex_stage_i/alu_i/add_107_53_g6487/ZN                         -       A1->ZN F     OAI21D4BWP7T30P140           3  3.4    22    19     538    (-,-) 
  i_cpu/ex_stage_i/alu_i/add_107_53_g6484/ZN                         -       A1->ZN R     CKND2D4BWP7T30P140           1  2.0    14    14     552    (-,-) 
  i_cpu/ex_stage_i/alu_i/add_107_53_g6482/ZN                         -       A1->ZN F     ND2D4BWP7T30P140             3  3.4    19    14     567    (-,-) 
  i_cpu/ex_stage_i/alu_i/add_107_53_g6479/ZN                         -       A1->ZN R     CKND2D4BWP7T30P140           1  2.7    16    15     582    (-,-) 
  i_cpu/ex_stage_i/alu_i/add_107_53_g6477/ZN                         -       A1->ZN F     CKND2D8BWP7T30P140           5  5.1    18    12     594    (-,-) 
  i_cpu/ex_stage_i/alu_i/add_107_53_g6476/ZN                         -       A1->ZN R     CKND2D4BWP7T30P140           1  2.0    14    13     606    (-,-) 
  i_cpu/ex_stage_i/alu_i/add_107_53_g6471/ZN                         -       A1->ZN F     ND2OPTPAD4BWP7T30P140        3  3.3    15    13     619    (-,-) 
  i_cpu/ex_stage_i/alu_i/add_107_53_g6465/ZN                         -       A1->ZN R     CKND2D4BWP7T30P140           2  2.2    15    12     632    (-,-) 
  i_cpu/ex_stage_i/alu_i/add_107_53_g6802/ZN                         -       A1->ZN F     NR3OPTPAD2BWP7T30P140        1  2.0    25    14     645    (-,-) 
  i_cpu/ex_stage_i/alu_i/add_107_53_g6453/ZN                         -       A1->ZN R     NR2OPTPAD4BWP7T30P140        4  4.1    21    20     665    (-,-) 
  i_cpu/ex_stage_i/alu_i/add_107_53_g6444/ZN                         -       A1->ZN F     NR2D3BWP7T30P140             1  2.0    12    11     676    (-,-) 
  i_cpu/ex_stage_i/alu_i/add_107_53_g6440/ZN                         -       A1->ZN R     NR2OPTPAD4BWP7T30P140        3  3.6    16    15     691    (-,-) 
  i_cpu/ex_stage_i/alu_i/add_107_53_g6435/ZN                         -       A1->ZN F     OAI21D4BWP7T30P140           2  3.7    28    17     708    (-,-) 
  i_cpu/ex_stage_i/alu_i/add_107_53_g6430/ZN                         -       A1->ZN R     AOI21OPTBD6BWP7T30P140       4  4.9    23    21     729    (-,-) 
  i_cpu/ex_stage_i/alu_i/add_107_53_g6421/ZN                         -       A1->ZN F     OAI21D4BWP7T30P140           3  4.5    26    20     750    (-,-) 
  i_cpu/ex_stage_i/alu_i/add_107_53_g6416/ZN                         -       A1->ZN R     AOI21OPTBD4BWP7T30P140       2  2.3    22    19     768    (-,-) 
  i_cpu/ex_stage_i/alu_i/add_107_53_g6400/ZN                         -       A1->ZN F     NR2OPTPAD2BWP7T30P140        2  2.7    15    14     783    (-,-) 
  i_cpu/ex_stage_i/alu_i/add_107_53_g6378/ZN                         -       A1->ZN R     AOI21OPTBD2BWP7T30P140       2  2.8    32    22     805    (-,-) 
  i_cpu/ex_stage_i/alu_i/add_107_53_g6368/ZN                         -       A1->ZN F     NR2D3BWP7T30P140             2  3.2    18    15     819    (-,-) 
  i_cpu/ex_stage_i/alu_i/add_107_53_g6357/ZN                         -       A1->ZN R     AOI21D4BWP7T30P140           3  3.1    25    20     839    (-,-) 
  i_cpu/ex_stage_i/alu_i/add_107_53_g6354/ZN                         -       A1->ZN F     OAI21OPTBD2BWP7T30P140       2  2.5    27    20     859    (-,-) 
  i_cpu/ex_stage_i/alu_i/add_107_53_g6353/ZN                         -       I->ZN  R     INVD3BWP7T30P140             1  1.5    11    13     871    (-,-) 
  i_cpu/ex_stage_i/alu_i/add_107_53_g6351/ZN                         -       A1->ZN F     OAI21OPTBD2BWP7T30P140       1  1.5    23    13     884    (-,-) 
  i_cpu/ex_stage_i/alu_i/add_107_53_g6801/Z                          -       A1->Z  R     XOR3D2BWP7T30P140            2  2.4    16    67     952    (-,-) 
  i_cpu/ex_stage_i/alu_i/g78623/ZN                                   -       A2->ZN F     NR2OPTPAD2BWP7T30P140        2  4.0    20    14     966    (-,-) 
  i_cpu/ex_stage_i/alu_i/g80465/ZN                                   -       B1->ZN R     IND2OPTPAD4BWP7T30P140       1  1.9    10    12     978    (-,-) 
  i_cpu/ex_stage_i/alu_i/g78621/ZN                                   -       B->ZN  F     OAI211D4BWP7T30P140          3  4.4    38    27    1005    (-,-) 
  i_cpu/ex_stage_i/branch_unit_i/g5614/ZN                            -       B1->ZN R     INR2D4BWP7T30P140            1  3.1    22    23    1028    (-,-) 
  i_cpu/ex_stage_i/branch_unit_i/g5339/ZN                            -       A1->ZN F     NR2OPTPAD8BWP7T30P140       15 12.0    24    15    1043    (-,-) 
  i_cpu/issue_stage_i/i_scoreboard/g186194/ZN                        -       A1->ZN F     IND2OPTPAD4BWP7T30P140       3  4.0    17    25    1068    (-,-) 
  i_cpu/issue_stage_i/i_scoreboard/g12899/ZN                         -       A1->ZN R     NR2D3BWP7T30P140             4  4.5    30    23    1091    (-,-) 
  i_cpu/issue_stage_i/i_scoreboard/i_sel_rs1/g12660/ZN               -       A1->ZN R     IND2OPTPAD4BWP7T30P140       3  4.1    16    22    1113    (-,-) 
  i_cpu/issue_stage_i/i_scoreboard/i_sel_rs1/g12561/ZN               -       A1->ZN F     NR2D3BWP7T30P140             3  3.0    14    11    1124    (-,-) 
  i_cpu/issue_stage_i/i_scoreboard/i_sel_rs1/g12468/Z                -       A1->Z  F     CKAN2D4BWP7T30P140           5  5.4    13    24    1148    (-,-) 
  i_cpu/issue_stage_i/i_scoreboard/i_sel_rs1/g12360/ZN               -       A1->ZN R     ND2D2BWP7T30P140             1  1.5    14    11    1159    (-,-) 
  i_cpu/issue_stage_i/i_scoreboard/g3396/Z                           -       A1->Z  R     AN2D4BWP7T30P140             2  3.1    11    23    1182    (-,-) 
  i_cpu/issue_stage_i/i_issue_read_operands/g15644/ZN                -       A1->ZN F     AOI21OPTBD4BWP7T30P140       2  3.3    18    14    1196    (-,-) 
  i_cpu/issue_stage_i/i_issue_read_operands/g3/ZN                    -       A1->ZN F     IND3D1BWP7T30P140            1  1.4    36    33    1229    (-,-) 
  i_cpu/issue_stage_i/i_issue_read_operands/g16206/ZN                -       B2->ZN R     IND3D2BWP7T30P140            1  2.1    19    21    1250    (-,-) 
  i_cpu/issue_stage_i/i_issue_read_operands/g15322/ZN                -       A1->ZN F     OAI21OPTBD4BWP7T30P140       2  2.8    18    15    1265    (-,-) 
  i_cpu/issue_stage_i/i_issue_read_operands/g4798/ZN                 -       I->ZN  R     INVD4BWP7T30P140             2  2.8    10    11    1276    (-,-) 
  i_cpu/issue_stage_i/i_scoreboard/g186210/ZN                        -       B1->ZN F     IND2D4BWP7T30P140            2  5.6    23    17    1293    (-,-) 
  i_cpu/issue_stage_i/i_scoreboard/g183555/ZN                        -       I->ZN  R     INVD12BWP7T30P140            9 18.1    16    17    1310    (-,-) 
  i_cpu/issue_stage_i/i_scoreboard/g179283/ZN                        -       A1->ZN F     CKND2D8BWP7T30P140          12 12.1    24    18    1329    (-,-) 
  i_cpu/issue_stage_i/i_scoreboard/g178139/Z                         -       S->Z   R     MUX2OPTD4BWP7T30P140         5  4.1    18    38    1367    (-,-) 
  i_cpu/issue_stage_i/i_scoreboard/g177943/ZN                        -       B1->ZN F     AOI22D1BWP7T30P140           1  1.4    38    26    1394    (-,-) 
  i_cpu/issue_stage_i/i_scoreboard/g177734/ZN                        -       A1->ZN R     ND3D2BWP7T30P140             1  1.4    18    19    1413    (-,-) 
  i_cpu/issue_stage_i/i_scoreboard/g177517/ZN                        -       A1->ZN F     NR3D1BWP7T30P140             1  1.8    22    17    1430    (-,-) 
  i_cpu/issue_stage_i/i_scoreboard/g176545/ZN                        -       A2->ZN R     NR2D3BWP7T30P140             1  3.2    22    22    1453    (-,-) 
  i_cpu/issue_stage_i/i_scoreboard/g176511/ZN                        -       A1->ZN F     ND2D8BWP7T30P140             8 13.2    28    23    1476    (-,-) 
  i_cpu/issue_stage_i/i_scoreboard/g175424/ZN                        -       A1->ZN R     OAI22OPTPBD4BWP7T30P140      1  1.5    24    18    1494    (-,-) 
  i_cpu/issue_stage_i/i_scoreboard/g174791/ZN                        -       A1->ZN F     NR2OPTPAD2BWP7T30P140        2  2.4    14    14    1508    (-,-) 
  i_cpu/issue_stage_i/i_scoreboard/g174210/ZN                        -       A1->ZN R     ND2D2BWP7T30P140             1  1.2    11    10    1518    (-,-) 
  i_cpu/issue_stage_i/i_scoreboard/RC_CG_HIER_INST113/RC_CGIC_INST/E -       -      R     CKLNQD1BWP7T30P140           1    -     -     0    1518    (-,-) 
#----------------------------------------------------------------------------------------------------------------------------------------------------------



Path 5: MET (70 ps) Setup Check with Pin i_cpu/issue_stage_i/i_scoreboard/RC_CG_HIER_INST115/RC_CGIC_INST/CP->E
           View: func_tt_0p80v_85c
          Group: C2C_func_tt_0p80v_25c
     Startpoint: (R) i_cpu/issue_stage_i/i_issue_read_operands/branch_valid_q_reg/CP
          Clock: (R) clk
       Endpoint: (R) i_cpu/issue_stage_i/i_scoreboard/RC_CG_HIER_INST115/RC_CGIC_INST/E
          Clock: (R) clk

                     Capture       Launch     
        Clock Edge:+    2000            0     
       Src Latency:+       0            0     
       Net Latency:+       0 (I)        0 (I) 
           Arrival:=    2000            0     
                                              
             Setup:-      31                  
       Uncertainty:-     260                  
       Path Adjust:+    -120                  
     Required Time:=    1589                  
      Launch Clock:-       0                  
         Data Path:-    1518                  
             Slack:=      70                  

Exceptions/Constraints:
  path_adjust             -100            tmp_sdc_func_tt_0p80_3_line_77670  
  path_adjust             -20             tmp_sdc_func_tt_0p80_3_line_155026 

#----------------------------------------------------------------------------------------------------------------------------------------------------------
#                           Timing Point                             Flags    Arc   Edge          Cell            Fanout Load Trans Delay Arrival Instance 
#                                                                                                                        (fF)  (ps)  (ps)   (ps)  Location 
#----------------------------------------------------------------------------------------------------------------------------------------------------------
  i_cpu/issue_stage_i/i_issue_read_operands/branch_valid_q_reg/CP    -       -      R     (arrival)                 2344    -     0     -       0    (-,-) 
  i_cpu/issue_stage_i/i_issue_read_operands/branch_valid_q_reg/Q     -       CP->Q  R     DFCNQD2BWP7T30P140          10 12.1    46    70      70    (-,-) 
  i_cpu/ex_stage_i/g2295/Z                                           -       A2->Z  R     OR2OPTPAD8BWP7T30P140        9  9.8    13    26      96    (-,-) 
  i_cpu/ex_stage_i/g208/Z                                            -       A1->Z  R     AN2D2BWP7T30P140             6  5.8    25    33     129    (-,-) 
  i_cpu/ex_stage_i/alu_i/g52728/ZN                                   -       A1->ZN F     NR2OPTPAD1BWP7T30P140        1  1.7    18    17     146    (-,-) 
  i_cpu/ex_stage_i/alu_i/g52724/ZN                                   -       A2->ZN R     ND2OPTPAD2BWP7T30P140       15 13.2    52    36     182    (-,-) 
  i_cpu/ex_stage_i/alu_i/g52808/ZN                                   -       I->ZN  F     INVD2BWP7T30P140             2  2.4    20    17     199    (-,-) 
  i_cpu/ex_stage_i/alu_i/g52802/ZN                                   -       A2->ZN R     ND2OPTPAD1BWP7T30P140        2  2.1    23    22     221    (-,-) 
  i_cpu/ex_stage_i/alu_i/g52792/ZN                                   -       A2->ZN F     CKND2D2BWP7T30P140           1  1.2    15    14     236    (-,-) 
  i_cpu/ex_stage_i/alu_i/g80492/ZN                                   -       A1->ZN F     IND4D2BWP7T30P140            5  7.6    59    56     292    (-,-) 
  i_cpu/ex_stage_i/alu_i/g52785/ZN                                   -       I->ZN  R     INVD3BWP7T30P140            12 10.2    36    38     329    (-,-) 
  i_cpu/ex_stage_i/alu_i/g52747/ZN                                   -       A1->ZN F     MOAI22D2BWP7T30P140          5  5.4    23    52     381    (-,-) 
  i_cpu/ex_stage_i/alu_i/add_107_53_g6746/ZN                         -       A2->ZN R     ND2OPTPAD1BWP7T30P140        2  2.9    30    26     407    (-,-) 
  i_cpu/ex_stage_i/alu_i/add_107_53_g6511/ZN                         -       B->ZN  F     OAI21D4BWP7T30P140           3  3.7    24    24     431    (-,-) 
  i_cpu/ex_stage_i/alu_i/add_107_53_g6506/ZN                         -       A1->ZN R     AOI21D4BWP7T30P140           3  3.7    27    22     454    (-,-) 
  i_cpu/ex_stage_i/alu_i/add_107_53_g6503/ZN                         -       A1->ZN F     OAI21OPTBD4BWP7T30P140       3  3.4    24    18     471    (-,-) 
  i_cpu/ex_stage_i/alu_i/add_107_53_g6501/ZN                         -       A1->ZN R     CKND2D4BWP7T30P140           1  2.7    16    16     488    (-,-) 
  i_cpu/ex_stage_i/alu_i/add_107_53_g6499/ZN                         -       A1->ZN F     CKND2D8BWP7T30P140           4  4.9    20    12     499    (-,-) 
  i_cpu/ex_stage_i/alu_i/add_107_53_g6496/ZN                         -       A1->ZN R     AOI21OPTBD4BWP7T30P140       3  4.0    25    20     520    (-,-) 
  i_cpu/ex_stage_i/alu_i/add_107_53_g6487/ZN                         -       A1->ZN F     OAI21D4BWP7T30P140           3  3.4    22    19     538    (-,-) 
  i_cpu/ex_stage_i/alu_i/add_107_53_g6484/ZN                         -       A1->ZN R     CKND2D4BWP7T30P140           1  2.0    14    14     552    (-,-) 
  i_cpu/ex_stage_i/alu_i/add_107_53_g6482/ZN                         -       A1->ZN F     ND2D4BWP7T30P140             3  3.4    19    14     567    (-,-) 
  i_cpu/ex_stage_i/alu_i/add_107_53_g6479/ZN                         -       A1->ZN R     CKND2D4BWP7T30P140           1  2.7    16    15     582    (-,-) 
  i_cpu/ex_stage_i/alu_i/add_107_53_g6477/ZN                         -       A1->ZN F     CKND2D8BWP7T30P140           5  5.1    18    12     594    (-,-) 
  i_cpu/ex_stage_i/alu_i/add_107_53_g6476/ZN                         -       A1->ZN R     CKND2D4BWP7T30P140           1  2.0    14    13     606    (-,-) 
  i_cpu/ex_stage_i/alu_i/add_107_53_g6471/ZN                         -       A1->ZN F     ND2OPTPAD4BWP7T30P140        3  3.3    15    13     619    (-,-) 
  i_cpu/ex_stage_i/alu_i/add_107_53_g6465/ZN                         -       A1->ZN R     CKND2D4BWP7T30P140           2  2.2    15    12     632    (-,-) 
  i_cpu/ex_stage_i/alu_i/add_107_53_g6802/ZN                         -       A1->ZN F     NR3OPTPAD2BWP7T30P140        1  2.0    25    14     645    (-,-) 
  i_cpu/ex_stage_i/alu_i/add_107_53_g6453/ZN                         -       A1->ZN R     NR2OPTPAD4BWP7T30P140        4  4.1    21    20     665    (-,-) 
  i_cpu/ex_stage_i/alu_i/add_107_53_g6444/ZN                         -       A1->ZN F     NR2D3BWP7T30P140             1  2.0    12    11     676    (-,-) 
  i_cpu/ex_stage_i/alu_i/add_107_53_g6440/ZN                         -       A1->ZN R     NR2OPTPAD4BWP7T30P140        3  3.6    16    15     691    (-,-) 
  i_cpu/ex_stage_i/alu_i/add_107_53_g6435/ZN                         -       A1->ZN F     OAI21D4BWP7T30P140           2  3.7    28    17     708    (-,-) 
  i_cpu/ex_stage_i/alu_i/add_107_53_g6430/ZN                         -       A1->ZN R     AOI21OPTBD6BWP7T30P140       4  4.9    23    21     729    (-,-) 
  i_cpu/ex_stage_i/alu_i/add_107_53_g6421/ZN                         -       A1->ZN F     OAI21D4BWP7T30P140           3  4.5    26    20     750    (-,-) 
  i_cpu/ex_stage_i/alu_i/add_107_53_g6416/ZN                         -       A1->ZN R     AOI21OPTBD4BWP7T30P140       2  2.3    22    19     768    (-,-) 
  i_cpu/ex_stage_i/alu_i/add_107_53_g6400/ZN                         -       A1->ZN F     NR2OPTPAD2BWP7T30P140        2  2.7    15    14     783    (-,-) 
  i_cpu/ex_stage_i/alu_i/add_107_53_g6378/ZN                         -       A1->ZN R     AOI21OPTBD2BWP7T30P140       2  2.8    32    22     805    (-,-) 
  i_cpu/ex_stage_i/alu_i/add_107_53_g6368/ZN                         -       A1->ZN F     NR2D3BWP7T30P140             2  3.2    18    15     819    (-,-) 
  i_cpu/ex_stage_i/alu_i/add_107_53_g6357/ZN                         -       A1->ZN R     AOI21D4BWP7T30P140           3  3.1    25    20     839    (-,-) 
  i_cpu/ex_stage_i/alu_i/add_107_53_g6354/ZN                         -       A1->ZN F     OAI21OPTBD2BWP7T30P140       2  2.5    27    20     859    (-,-) 
  i_cpu/ex_stage_i/alu_i/add_107_53_g6353/ZN                         -       I->ZN  R     INVD3BWP7T30P140             1  1.5    11    13     871    (-,-) 
  i_cpu/ex_stage_i/alu_i/add_107_53_g6351/ZN                         -       A1->ZN F     OAI21OPTBD2BWP7T30P140       1  1.5    23    13     884    (-,-) 
  i_cpu/ex_stage_i/alu_i/add_107_53_g6801/Z                          -       A1->Z  R     XOR3D2BWP7T30P140            2  2.4    16    67     952    (-,-) 
  i_cpu/ex_stage_i/alu_i/g78623/ZN                                   -       A2->ZN F     NR2OPTPAD2BWP7T30P140        2  4.0    20    14     966    (-,-) 
  i_cpu/ex_stage_i/alu_i/g80465/ZN                                   -       B1->ZN R     IND2OPTPAD4BWP7T30P140       1  1.9    10    12     978    (-,-) 
  i_cpu/ex_stage_i/alu_i/g78621/ZN                                   -       B->ZN  F     OAI211D4BWP7T30P140          3  4.4    38    27    1005    (-,-) 
  i_cpu/ex_stage_i/branch_unit_i/g5614/ZN                            -       B1->ZN R     INR2D4BWP7T30P140            1  3.1    22    23    1028    (-,-) 
  i_cpu/ex_stage_i/branch_unit_i/g5339/ZN                            -       A1->ZN F     NR2OPTPAD8BWP7T30P140       15 12.0    24    15    1043    (-,-) 
  i_cpu/issue_stage_i/i_scoreboard/g186194/ZN                        -       A1->ZN F     IND2OPTPAD4BWP7T30P140       3  4.0    17    25    1068    (-,-) 
  i_cpu/issue_stage_i/i_scoreboard/g12899/ZN                         -       A1->ZN R     NR2D3BWP7T30P140             4  4.5    30    23    1091    (-,-) 
  i_cpu/issue_stage_i/i_scoreboard/i_sel_rs1/g12660/ZN               -       A1->ZN R     IND2OPTPAD4BWP7T30P140       3  4.1    16    22    1113    (-,-) 
  i_cpu/issue_stage_i/i_scoreboard/i_sel_rs1/g12561/ZN               -       A1->ZN F     NR2D3BWP7T30P140             3  3.0    14    11    1124    (-,-) 
  i_cpu/issue_stage_i/i_scoreboard/i_sel_rs1/g12468/Z                -       A1->Z  F     CKAN2D4BWP7T30P140           5  5.4    13    24    1148    (-,-) 
  i_cpu/issue_stage_i/i_scoreboard/i_sel_rs1/g12360/ZN               -       A1->ZN R     ND2D2BWP7T30P140             1  1.5    14    11    1159    (-,-) 
  i_cpu/issue_stage_i/i_scoreboard/g3396/Z                           -       A1->Z  R     AN2D4BWP7T30P140             2  3.1    11    23    1182    (-,-) 
  i_cpu/issue_stage_i/i_issue_read_operands/g15644/ZN                -       A1->ZN F     AOI21OPTBD4BWP7T30P140       2  3.3    18    14    1196    (-,-) 
  i_cpu/issue_stage_i/i_issue_read_operands/g3/ZN                    -       A1->ZN F     IND3D1BWP7T30P140            1  1.4    36    33    1229    (-,-) 
  i_cpu/issue_stage_i/i_issue_read_operands/g16206/ZN                -       B2->ZN R     IND3D2BWP7T30P140            1  2.1    19    21    1250    (-,-) 
  i_cpu/issue_stage_i/i_issue_read_operands/g15322/ZN                -       A1->ZN F     OAI21OPTBD4BWP7T30P140       2  2.8    18    15    1265    (-,-) 
  i_cpu/issue_stage_i/i_issue_read_operands/g4798/ZN                 -       I->ZN  R     INVD4BWP7T30P140             2  2.8    10    11    1276    (-,-) 
  i_cpu/issue_stage_i/i_scoreboard/g186210/ZN                        -       B1->ZN F     IND2D4BWP7T30P140            2  5.6    23    17    1293    (-,-) 
  i_cpu/issue_stage_i/i_scoreboard/g183555/ZN                        -       I->ZN  R     INVD12BWP7T30P140            9 18.1    16    17    1310    (-,-) 
  i_cpu/issue_stage_i/i_scoreboard/g179283/ZN                        -       A1->ZN F     CKND2D8BWP7T30P140          12 12.1    24    18    1329    (-,-) 
  i_cpu/issue_stage_i/i_scoreboard/g178139/Z                         -       S->Z   R     MUX2OPTD4BWP7T30P140         5  4.1    18    38    1367    (-,-) 
  i_cpu/issue_stage_i/i_scoreboard/g177943/ZN                        -       B1->ZN F     AOI22D1BWP7T30P140           1  1.4    38    26    1394    (-,-) 
  i_cpu/issue_stage_i/i_scoreboard/g177734/ZN                        -       A1->ZN R     ND3D2BWP7T30P140             1  1.4    18    19    1413    (-,-) 
  i_cpu/issue_stage_i/i_scoreboard/g177517/ZN                        -       A1->ZN F     NR3D1BWP7T30P140             1  1.8    22    17    1430    (-,-) 
  i_cpu/issue_stage_i/i_scoreboard/g176545/ZN                        -       A2->ZN R     NR2D3BWP7T30P140             1  3.2    22    22    1453    (-,-) 
  i_cpu/issue_stage_i/i_scoreboard/g176511/ZN                        -       A1->ZN F     ND2D8BWP7T30P140             8 13.2    28    23    1476    (-,-) 
  i_cpu/issue_stage_i/i_scoreboard/g175420/ZN                        -       A1->ZN R     OAI22OPTPBD4BWP7T30P140      1  1.5    24    18    1494    (-,-) 
  i_cpu/issue_stage_i/i_scoreboard/g174789/ZN                        -       A1->ZN F     NR2OPTPAD2BWP7T30P140        2  2.4    14    14    1508    (-,-) 
  i_cpu/issue_stage_i/i_scoreboard/g174208/ZN                        -       A1->ZN R     ND2D2BWP7T30P140             1  1.2    11    10    1518    (-,-) 
  i_cpu/issue_stage_i/i_scoreboard/RC_CG_HIER_INST115/RC_CGIC_INST/E -       -      R     CKLNQD1BWP7T30P140           1    -     -     0    1518    (-,-) 
#----------------------------------------------------------------------------------------------------------------------------------------------------------



Path 6: MET (71 ps) Setup Check with Pin i_cpu/ex_stage_i/i_mult/i_multiplier/mult_result_q_reg[126]/CP->D
           View: func_tt_0p80v_85c
          Group: C2C_func_tt_0p80v_25c
     Startpoint: (R) i_cpu/issue_stage_i/i_issue_read_operands/mult_valid_q_reg/CP
          Clock: (R) clk
       Endpoint: (R) i_cpu/ex_stage_i/i_mult/i_multiplier/mult_result_q_reg[126]/D
          Clock: (R) clk

                     Capture       Launch     
        Clock Edge:+    2000            0     
       Src Latency:+       0            0     
       Net Latency:+       0 (I)        0 (I) 
           Arrival:=    2000            0     
                                              
             Setup:-      22                  
       Uncertainty:-     260                  
       Path Adjust:+    -100                  
     Required Time:=    1618                  
      Launch Clock:-       0                  
         Data Path:-    1548                  
             Slack:=      71                  

Exceptions/Constraints:
  path_adjust             -100            tmp_sdc_func_tt_0p80_3_line_77670 

#----------------------------------------------------------------------------------------------------------------------------------------------------
#                         Timing Point                          Flags    Arc   Edge          Cell           Fanout Load Trans Delay Arrival Instance 
#                                                                                                                  (fF)  (ps)  (ps)   (ps)  Location 
#----------------------------------------------------------------------------------------------------------------------------------------------------
  i_cpu/issue_stage_i/i_issue_read_operands/mult_valid_q_reg/CP -       -      R     (arrival)                2344    -     0     -       0    (-,-) 
  i_cpu/issue_stage_i/i_issue_read_operands/mult_valid_q_reg/Q  -       CP->Q  R     DFCNQD4BWP7T30P140         11 13.9    30    64      64    (-,-) 
  i_cpu/ex_stage_i/g1124/Z                                      -       I->Z   R     CKBD12BWP7T30P140          15 15.9    14    26      89    (-,-) 
  i_cpu/ex_stage_i/g1116/Z                                      -       I->Z   R     BUFFD8BWP7T30P140          11 11.0    14    21     110    (-,-) 
  i_cpu/ex_stage_i/g1115/ZN                                     -       I->ZN  F     INVD6BWP7T30P140            3  6.7    11    10     121    (-,-) 
  i_cpu/ex_stage_i/g1113/ZN                                     -       I->ZN  R     INVD6BWP7T30P140           12 11.8    17    15     135    (-,-) 
  i_cpu/ex_stage_i/g1038/Z                                      -       A2->Z  R     AN2D2BWP7T30P140           16 14.7    55    52     187    (-,-) 
  i_cpu/ex_stage_i/i_mult/i_multiplier/mul_109_5_g104001/ZN     -       I->ZN  F     INVD1BWP7T30P140           11  9.5    68    56     243    (-,-) 
  i_cpu/ex_stage_i/i_mult/i_multiplier/mul_109_5_g104000/ZN     -       I->ZN  R     INVD1BWP7T30P140           14 13.4   108    85     329    (-,-) 
  i_cpu/ex_stage_i/i_mult/i_multiplier/mul_109_5_g100828/ZN     -       B1->ZN F     OAI22D1BWP7T30P140          2  2.0    44    43     371    (-,-) 
  i_cpu/ex_stage_i/i_mult/i_multiplier/mul_109_5_g97746/ZN      -       B1->ZN F     MOAI22D1BWP7T30P140         1  2.1    40    42     414    (-,-) 
  i_cpu/ex_stage_i/i_mult/i_multiplier/mul_109_5_g95701/CO      -       CI->CO F     FA1OPTCD1BWP7T30P140        1  2.5    25    40     454    (-,-) 
  i_cpu/ex_stage_i/i_mult/i_multiplier/mul_109_5_g94868/CO      -       B->CO  F     FA1OPTCD1BWP7T30P140        1  2.5    25    54     507    (-,-) 
  i_cpu/ex_stage_i/i_mult/i_multiplier/mul_109_5_g94584/CO      -       B->CO  F     FA1OPTCD1BWP7T30P140        1  2.6    26    54     562    (-,-) 
  i_cpu/ex_stage_i/i_mult/i_multiplier/mul_109_5_g94295/S       -       A->S   R     FA1OPTCD1BWP7T30P140        1  2.5    27    79     640    (-,-) 
  i_cpu/ex_stage_i/i_mult/i_multiplier/mul_109_5_g94023/S       -       B->S   F     FA1OPTCD1BWP7T30P140        1  2.5    26    74     714    (-,-) 
  i_cpu/ex_stage_i/i_mult/i_multiplier/mul_109_5_g93746/S       -       B->S   R     FA1OPTCD1BWP7T30P140        1  2.1    25    76     791    (-,-) 
  i_cpu/ex_stage_i/i_mult/i_multiplier/mul_109_5_g93597/S       -       CI->S  F     FA1OPTCD1BWP7T30P140        2  1.9    23    54     845    (-,-) 
  i_cpu/ex_stage_i/i_mult/i_multiplier/mul_109_5_g93593/ZN      -       A1->ZN R     NR2OPTPAD1BWP7T30P140       4  3.6    44    35     880    (-,-) 
  i_cpu/ex_stage_i/i_mult/i_multiplier/mul_109_5_g93552/Z       -       A2->Z  R     OA21D1BWP7T30P140           2  2.0    20    36     916    (-,-) 
  i_cpu/ex_stage_i/i_mult/i_multiplier/mul_109_5_g93540/Z       -       A1->Z  R     OA21D1BWP7T30P140           1  1.2    15    25     941    (-,-) 
  i_cpu/ex_stage_i/i_mult/i_multiplier/mul_109_5_g93531/Z       -       A1->Z  R     OA21D1BWP7T30P140           2  1.9    19    27     968    (-,-) 
  i_cpu/ex_stage_i/i_mult/i_multiplier/mul_109_5_g93526/ZN      -       A2->ZN F     OAI221D1BWP7T30P140         2  1.9    52    35    1003    (-,-) 
  i_cpu/ex_stage_i/i_mult/i_multiplier/mul_109_5_g93520/ZN      -       A1->ZN R     AOI21D1BWP7T30P140          1  1.2    33    33    1036    (-,-) 
  i_cpu/ex_stage_i/i_mult/i_multiplier/mul_109_5_g93516/Z       -       A1->Z  R     OA221D1BWP7T30P140          1  2.5    27    48    1084    (-,-) 
  i_cpu/ex_stage_i/i_mult/i_multiplier/mul_109_5_g93424/ZN      -       B->ZN  F     OAI21OPTBD4BWP7T30P140      3  3.5    22    20    1104    (-,-) 
  i_cpu/ex_stage_i/i_mult/i_multiplier/mul_109_5_g93421/ZN      -       A1->ZN R     CKND2D4BWP7T30P140          2  2.8    18    16    1119    (-,-) 
  i_cpu/ex_stage_i/i_mult/i_multiplier/mul_109_5_g93403/ZN      -       A1->ZN F     OAI21OPTBD4BWP7T30P140      4  4.3    22    17    1136    (-,-) 
  i_cpu/ex_stage_i/i_mult/i_multiplier/mul_109_5_g93392/ZN      -       A1->ZN R     CKND2D4BWP7T30P140          1  2.0    16    14    1151    (-,-) 
  i_cpu/ex_stage_i/i_mult/i_multiplier/mul_109_5_g93389/ZN      -       A1->ZN F     ND2OPTPAD4BWP7T30P140       2  3.7    16    14    1165    (-,-) 
  i_cpu/ex_stage_i/i_mult/i_multiplier/mul_109_5_g93375/ZN      -       A1->ZN R     CKND2D8BWP7T30P140          3  4.1    15    13    1178    (-,-) 
  i_cpu/ex_stage_i/i_mult/i_multiplier/mul_109_5_g93363/ZN      -       A1->ZN F     OAI21OPTBD6BWP7T30P140      5  5.3    21    15    1193    (-,-) 
  i_cpu/ex_stage_i/i_mult/i_multiplier/mul_109_5_g93353/ZN      -       A1->ZN R     AOI21OPTBD4BWP7T30P140      1  2.1    18    17    1210    (-,-) 
  i_cpu/ex_stage_i/i_mult/i_multiplier/mul_109_5_g93343/ZN      -       A1->ZN F     OAI21OPTBD4BWP7T30P140      1  2.1    17    14    1223    (-,-) 
  i_cpu/ex_stage_i/i_mult/i_multiplier/mul_109_5_g93332/ZN      -       A1->ZN R     AOI21D4BWP7T30P140          1  2.1    21    17    1240    (-,-) 
  i_cpu/ex_stage_i/i_mult/i_multiplier/mul_109_5_g93323/ZN      -       A1->ZN F     OAI21OPTBD4BWP7T30P140      1  1.8    25    14    1254    (-,-) 
  i_cpu/ex_stage_i/i_mult/i_multiplier/mul_109_5_g93318/ZN      -       A1->ZN R     CKND2D4BWP7T30P140          1  1.8    13    15    1268    (-,-) 
  i_cpu/ex_stage_i/i_mult/i_multiplier/mul_109_5_g93316/ZN      -       A1->ZN F     CKND2D4BWP7T30P140          2  2.8    16    12    1280    (-,-) 
  i_cpu/ex_stage_i/i_mult/i_multiplier/mul_109_5_g93313/ZN      -       A1->ZN R     CKND2D4BWP7T30P140          3  3.7    18    16    1296    (-,-) 
  i_cpu/ex_stage_i/i_mult/i_multiplier/mul_109_5_g93310/ZN      -       A1->ZN F     OAI21OPTBD4BWP7T30P140      3  3.5    20    16    1311    (-,-) 
  i_cpu/ex_stage_i/i_mult/i_multiplier/mul_109_5_g93307/ZN      -       A1->ZN R     CKND2D4BWP7T30P140          2  2.9    17    15    1327    (-,-) 
  i_cpu/ex_stage_i/i_mult/i_multiplier/mul_109_5_g93301/ZN      -       A1->ZN F     OAI21OPTBD4BWP7T30P140      1  2.1    27    13    1340    (-,-) 
  i_cpu/ex_stage_i/i_mult/i_multiplier/mul_109_5_g93296/ZN      -       A1->ZN R     AOI21OPTBD4BWP7T30P140      1  2.6    21    20    1359    (-,-) 
  i_cpu/ex_stage_i/i_mult/i_multiplier/mul_109_5_g93294/ZN      -       A1->ZN F     OAI21OPTBD6BWP7T30P140      4  4.2    27    15    1375    (-,-) 
  i_cpu/ex_stage_i/i_mult/i_multiplier/mul_109_5_g93293/ZN      -       A1->ZN R     CKND2D4BWP7T30P140          1  2.0    14    16    1390    (-,-) 
  i_cpu/ex_stage_i/i_mult/i_multiplier/mul_109_5_g93291/ZN      -       A1->ZN F     ND2D4BWP7T30P140            1  2.1    17    12    1402    (-,-) 
  i_cpu/ex_stage_i/i_mult/i_multiplier/mul_109_5_g93288/CO      -       CI->CO F     FA1D4BWP7T30P140            2  3.2    14    33    1435    (-,-) 
  i_cpu/ex_stage_i/i_mult/i_multiplier/mul_109_5_g93286/ZN      -       A1->ZN R     AOI21OPTBD4BWP7T30P140      2  2.9    21    16    1451    (-,-) 
  i_cpu/ex_stage_i/i_mult/i_multiplier/mul_109_5_g93283/ZN      -       A1->ZN F     OAI21OPTBD4BWP7T30P140      1  2.1    23    14    1466    (-,-) 
  i_cpu/ex_stage_i/i_mult/i_multiplier/mul_109_5_g93282/CO      -       CI->CO F     FA1D4BWP7T30P140            1  2.1    13    33    1499    (-,-) 
  i_cpu/ex_stage_i/i_mult/i_multiplier/mul_109_5_g93281/S       -       CI->S  R     FA1OPTCD1BWP7T30P140        1  1.2    19    49    1548    (-,-) 
  i_cpu/ex_stage_i/i_mult/i_multiplier/mult_result_q_reg[126]/D -       -      R     DFCNQD1BWP7T30P140          1    -     -     0    1548    (-,-) 
#----------------------------------------------------------------------------------------------------------------------------------------------------



Path 7: MET (72 ps) Setup Check with Pin i_cpu/issue_stage_i/i_scoreboard/RC_CG_HIER_INST111/RC_CGIC_INST/CP->E
           View: func_tt_0p80v_85c
          Group: C2C_func_tt_0p80v_25c
     Startpoint: (R) i_cpu/issue_stage_i/i_issue_read_operands/branch_valid_q_reg/CP
          Clock: (R) clk
       Endpoint: (R) i_cpu/issue_stage_i/i_scoreboard/RC_CG_HIER_INST111/RC_CGIC_INST/E
          Clock: (R) clk

                     Capture       Launch     
        Clock Edge:+    2000            0     
       Src Latency:+       0            0     
       Net Latency:+       0 (I)        0 (I) 
           Arrival:=    2000            0     
                                              
             Setup:-      31                  
       Uncertainty:-     260                  
       Path Adjust:+    -120                  
     Required Time:=    1589                  
      Launch Clock:-       0                  
         Data Path:-    1517                  
             Slack:=      72                  

Exceptions/Constraints:
  path_adjust             -100            tmp_sdc_func_tt_0p80_3_line_77670  
  path_adjust             -20             tmp_sdc_func_tt_0p80_3_line_155026 

#---------------------------------------------------------------------------------------------------------------------------------------------------------
#                           Timing Point                             Flags    Arc   Edge          Cell           Fanout Load Trans Delay Arrival Instance 
#                                                                                                                       (fF)  (ps)  (ps)   (ps)  Location 
#---------------------------------------------------------------------------------------------------------------------------------------------------------
  i_cpu/issue_stage_i/i_issue_read_operands/branch_valid_q_reg/CP    -       -      R     (arrival)                2344    -     0     -       0    (-,-) 
  i_cpu/issue_stage_i/i_issue_read_operands/branch_valid_q_reg/Q     -       CP->Q  R     DFCNQD2BWP7T30P140         10 12.1    46    70      70    (-,-) 
  i_cpu/ex_stage_i/g2295/Z                                           -       A2->Z  R     OR2OPTPAD8BWP7T30P140       9  9.8    13    26      96    (-,-) 
  i_cpu/ex_stage_i/g208/Z                                            -       A1->Z  R     AN2D2BWP7T30P140            6  5.8    25    33     129    (-,-) 
  i_cpu/ex_stage_i/alu_i/g52728/ZN                                   -       A1->ZN F     NR2OPTPAD1BWP7T30P140       1  1.7    18    17     146    (-,-) 
  i_cpu/ex_stage_i/alu_i/g52724/ZN                                   -       A2->ZN R     ND2OPTPAD2BWP7T30P140      15 13.2    52    36     182    (-,-) 
  i_cpu/ex_stage_i/alu_i/g52808/ZN                                   -       I->ZN  F     INVD2BWP7T30P140            2  2.4    20    17     199    (-,-) 
  i_cpu/ex_stage_i/alu_i/g52802/ZN                                   -       A2->ZN R     ND2OPTPAD1BWP7T30P140       2  2.1    23    22     221    (-,-) 
  i_cpu/ex_stage_i/alu_i/g52792/ZN                                   -       A2->ZN F     CKND2D2BWP7T30P140          1  1.2    15    14     236    (-,-) 
  i_cpu/ex_stage_i/alu_i/g80492/ZN                                   -       A1->ZN F     IND4D2BWP7T30P140           5  7.6    59    56     292    (-,-) 
  i_cpu/ex_stage_i/alu_i/g52785/ZN                                   -       I->ZN  R     INVD3BWP7T30P140           12 10.2    36    38     329    (-,-) 
  i_cpu/ex_stage_i/alu_i/g52747/ZN                                   -       A1->ZN F     MOAI22D2BWP7T30P140         5  5.4    23    52     381    (-,-) 
  i_cpu/ex_stage_i/alu_i/add_107_53_g6746/ZN                         -       A2->ZN R     ND2OPTPAD1BWP7T30P140       2  2.9    30    26     407    (-,-) 
  i_cpu/ex_stage_i/alu_i/add_107_53_g6511/ZN                         -       B->ZN  F     OAI21D4BWP7T30P140          3  3.7    24    24     431    (-,-) 
  i_cpu/ex_stage_i/alu_i/add_107_53_g6506/ZN                         -       A1->ZN R     AOI21D4BWP7T30P140          3  3.7    27    22     454    (-,-) 
  i_cpu/ex_stage_i/alu_i/add_107_53_g6503/ZN                         -       A1->ZN F     OAI21OPTBD4BWP7T30P140      3  3.4    24    18     471    (-,-) 
  i_cpu/ex_stage_i/alu_i/add_107_53_g6501/ZN                         -       A1->ZN R     CKND2D4BWP7T30P140          1  2.7    16    16     488    (-,-) 
  i_cpu/ex_stage_i/alu_i/add_107_53_g6499/ZN                         -       A1->ZN F     CKND2D8BWP7T30P140          4  4.9    20    12     499    (-,-) 
  i_cpu/ex_stage_i/alu_i/add_107_53_g6496/ZN                         -       A1->ZN R     AOI21OPTBD4BWP7T30P140      3  4.0    25    20     520    (-,-) 
  i_cpu/ex_stage_i/alu_i/add_107_53_g6487/ZN                         -       A1->ZN F     OAI21D4BWP7T30P140          3  3.4    22    19     538    (-,-) 
  i_cpu/ex_stage_i/alu_i/add_107_53_g6484/ZN                         -       A1->ZN R     CKND2D4BWP7T30P140          1  2.0    14    14     552    (-,-) 
  i_cpu/ex_stage_i/alu_i/add_107_53_g6482/ZN                         -       A1->ZN F     ND2D4BWP7T30P140            3  3.4    19    14     567    (-,-) 
  i_cpu/ex_stage_i/alu_i/add_107_53_g6479/ZN                         -       A1->ZN R     CKND2D4BWP7T30P140          1  2.7    16    15     582    (-,-) 
  i_cpu/ex_stage_i/alu_i/add_107_53_g6477/ZN                         -       A1->ZN F     CKND2D8BWP7T30P140          5  5.1    18    12     594    (-,-) 
  i_cpu/ex_stage_i/alu_i/add_107_53_g6476/ZN                         -       A1->ZN R     CKND2D4BWP7T30P140          1  2.0    14    13     606    (-,-) 
  i_cpu/ex_stage_i/alu_i/add_107_53_g6471/ZN                         -       A1->ZN F     ND2OPTPAD4BWP7T30P140       3  3.3    15    13     619    (-,-) 
  i_cpu/ex_stage_i/alu_i/add_107_53_g6465/ZN                         -       A1->ZN R     CKND2D4BWP7T30P140          2  2.2    15    12     632    (-,-) 
  i_cpu/ex_stage_i/alu_i/add_107_53_g6802/ZN                         -       A1->ZN F     NR3OPTPAD2BWP7T30P140       1  2.0    25    14     645    (-,-) 
  i_cpu/ex_stage_i/alu_i/add_107_53_g6453/ZN                         -       A1->ZN R     NR2OPTPAD4BWP7T30P140       4  4.1    21    20     665    (-,-) 
  i_cpu/ex_stage_i/alu_i/add_107_53_g6444/ZN                         -       A1->ZN F     NR2D3BWP7T30P140            1  2.0    12    11     676    (-,-) 
  i_cpu/ex_stage_i/alu_i/add_107_53_g6440/ZN                         -       A1->ZN R     NR2OPTPAD4BWP7T30P140       3  3.6    16    15     691    (-,-) 
  i_cpu/ex_stage_i/alu_i/add_107_53_g6435/ZN                         -       A1->ZN F     OAI21D4BWP7T30P140          2  3.7    28    17     708    (-,-) 
  i_cpu/ex_stage_i/alu_i/add_107_53_g6430/ZN                         -       A1->ZN R     AOI21OPTBD6BWP7T30P140      4  4.9    23    21     729    (-,-) 
  i_cpu/ex_stage_i/alu_i/add_107_53_g6421/ZN                         -       A1->ZN F     OAI21D4BWP7T30P140          3  4.5    26    20     750    (-,-) 
  i_cpu/ex_stage_i/alu_i/add_107_53_g6416/ZN                         -       A1->ZN R     AOI21OPTBD4BWP7T30P140      2  2.3    22    19     768    (-,-) 
  i_cpu/ex_stage_i/alu_i/add_107_53_g6400/ZN                         -       A1->ZN F     NR2OPTPAD2BWP7T30P140       2  2.7    15    14     783    (-,-) 
  i_cpu/ex_stage_i/alu_i/add_107_53_g6378/ZN                         -       A1->ZN R     AOI21OPTBD2BWP7T30P140      2  2.8    32    22     805    (-,-) 
  i_cpu/ex_stage_i/alu_i/add_107_53_g6368/ZN                         -       A1->ZN F     NR2D3BWP7T30P140            2  3.2    18    15     819    (-,-) 
  i_cpu/ex_stage_i/alu_i/add_107_53_g6357/ZN                         -       A1->ZN R     AOI21D4BWP7T30P140          3  3.1    25    20     839    (-,-) 
  i_cpu/ex_stage_i/alu_i/add_107_53_g6354/ZN                         -       A1->ZN F     OAI21OPTBD2BWP7T30P140      2  2.5    27    20     859    (-,-) 
  i_cpu/ex_stage_i/alu_i/add_107_53_g6353/ZN                         -       I->ZN  R     INVD3BWP7T30P140            1  1.5    11    13     871    (-,-) 
  i_cpu/ex_stage_i/alu_i/add_107_53_g6351/ZN                         -       A1->ZN F     OAI21OPTBD2BWP7T30P140      1  1.5    23    13     884    (-,-) 
  i_cpu/ex_stage_i/alu_i/add_107_53_g6801/Z                          -       A1->Z  R     XOR3D2BWP7T30P140           2  2.4    16    67     952    (-,-) 
  i_cpu/ex_stage_i/alu_i/g78623/ZN                                   -       A2->ZN F     NR2OPTPAD2BWP7T30P140       2  4.0    20    14     966    (-,-) 
  i_cpu/ex_stage_i/alu_i/g80465/ZN                                   -       B1->ZN R     IND2OPTPAD4BWP7T30P140      1  1.9    10    12     978    (-,-) 
  i_cpu/ex_stage_i/alu_i/g78621/ZN                                   -       B->ZN  F     OAI211D4BWP7T30P140         3  4.4    38    27    1005    (-,-) 
  i_cpu/ex_stage_i/branch_unit_i/g5614/ZN                            -       B1->ZN R     INR2D4BWP7T30P140           1  3.1    22    23    1028    (-,-) 
  i_cpu/ex_stage_i/branch_unit_i/g5339/ZN                            -       A1->ZN F     NR2OPTPAD8BWP7T30P140      15 12.0    24    15    1043    (-,-) 
  i_cpu/issue_stage_i/i_scoreboard/g186194/ZN                        -       A1->ZN F     IND2OPTPAD4BWP7T30P140      3  4.0    17    25    1068    (-,-) 
  i_cpu/issue_stage_i/i_scoreboard/g12899/ZN                         -       A1->ZN R     NR2D3BWP7T30P140            4  4.5    30    23    1091    (-,-) 
  i_cpu/issue_stage_i/i_scoreboard/i_sel_rs1/g12660/ZN               -       A1->ZN R     IND2OPTPAD4BWP7T30P140      3  4.1    16    22    1113    (-,-) 
  i_cpu/issue_stage_i/i_scoreboard/i_sel_rs1/g12561/ZN               -       A1->ZN F     NR2D3BWP7T30P140            3  3.0    14    11    1124    (-,-) 
  i_cpu/issue_stage_i/i_scoreboard/i_sel_rs1/g12468/Z                -       A1->Z  F     CKAN2D4BWP7T30P140          5  5.4    13    24    1148    (-,-) 
  i_cpu/issue_stage_i/i_scoreboard/i_sel_rs1/g12360/ZN               -       A1->ZN R     ND2D2BWP7T30P140            1  1.5    14    11    1159    (-,-) 
  i_cpu/issue_stage_i/i_scoreboard/g3396/Z                           -       A1->Z  R     AN2D4BWP7T30P140            2  3.1    11    23    1182    (-,-) 
  i_cpu/issue_stage_i/i_issue_read_operands/g15644/ZN                -       A1->ZN F     AOI21OPTBD4BWP7T30P140      2  3.3    18    14    1196    (-,-) 
  i_cpu/issue_stage_i/i_issue_read_operands/g3/ZN                    -       A1->ZN F     IND3D1BWP7T30P140           1  1.4    36    33    1229    (-,-) 
  i_cpu/issue_stage_i/i_issue_read_operands/g16206/ZN                -       B2->ZN R     IND3D2BWP7T30P140           1  2.1    19    21    1250    (-,-) 
  i_cpu/issue_stage_i/i_issue_read_operands/g15322/ZN                -       A1->ZN F     OAI21OPTBD4BWP7T30P140      2  2.8    18    15    1265    (-,-) 
  i_cpu/issue_stage_i/i_issue_read_operands/g4798/ZN                 -       I->ZN  R     INVD4BWP7T30P140            2  2.8    10    11    1276    (-,-) 
  i_cpu/issue_stage_i/i_scoreboard/g186210/ZN                        -       B1->ZN F     IND2D4BWP7T30P140           2  5.6    23    17    1293    (-,-) 
  i_cpu/issue_stage_i/i_scoreboard/g183555/ZN                        -       I->ZN  R     INVD12BWP7T30P140           9 18.1    16    17    1310    (-,-) 
  i_cpu/issue_stage_i/i_scoreboard/g179284/ZN                        -       A1->ZN F     CKND2D8BWP7T30P140         11 10.7    22    17    1328    (-,-) 
  i_cpu/issue_stage_i/i_scoreboard/g178136/Z                         -       S->Z   R     MUX2OPTD2BWP7T30P140        5  4.2    23    41    1369    (-,-) 
  i_cpu/issue_stage_i/i_scoreboard/g178096/ZN                        -       I->ZN  F     INVD1BWP7T30P140            1  1.2    14    14    1383    (-,-) 
  i_cpu/issue_stage_i/i_scoreboard/g177957/ZN                        -       A1->ZN R     MOAI22D1BWP7T30P140         1  2.2    38    28    1411    (-,-) 
  i_cpu/issue_stage_i/i_scoreboard/g177548/ZN                        -       A3->ZN F     NR3D2BWP7T30P140            1  2.2    22    23    1434    (-,-) 
  i_cpu/issue_stage_i/i_scoreboard/g176547/ZN                        -       A2->ZN R     NR3D3BWP7T30P140            1  3.2    21    24    1457    (-,-) 
  i_cpu/issue_stage_i/i_scoreboard/g176513/ZN                        -       A1->ZN F     ND2OPTPAD8BWP7T30P140       8  9.2    19    17    1475    (-,-) 
  i_cpu/issue_stage_i/i_scoreboard/g175499/ZN                        -       A1->ZN R     NR2D2BWP7T30P140            1  2.1    29    20    1494    (-,-) 
  i_cpu/issue_stage_i/i_scoreboard/g174794/ZN                        -       A2->ZN F     NR2D4BWP7T30P140            2  2.4    13    13    1507    (-,-) 
  i_cpu/issue_stage_i/i_scoreboard/g174207/ZN                        -       A1->ZN R     ND2D2BWP7T30P140            1  1.2    11    10    1517    (-,-) 
  i_cpu/issue_stage_i/i_scoreboard/RC_CG_HIER_INST111/RC_CGIC_INST/E -       -      R     CKLNQD1BWP7T30P140          1    -     -     0    1517    (-,-) 
#---------------------------------------------------------------------------------------------------------------------------------------------------------



Path 8: MET (72 ps) Setup Check with Pin i_cpu/issue_stage_i/i_scoreboard/RC_CG_HIER_INST114/RC_CGIC_INST/CP->E
           View: func_tt_0p80v_85c
          Group: C2C_func_tt_0p80v_25c
     Startpoint: (R) i_cpu/issue_stage_i/i_issue_read_operands/branch_valid_q_reg/CP
          Clock: (R) clk
       Endpoint: (R) i_cpu/issue_stage_i/i_scoreboard/RC_CG_HIER_INST114/RC_CGIC_INST/E
          Clock: (R) clk

                     Capture       Launch     
        Clock Edge:+    2000            0     
       Src Latency:+       0            0     
       Net Latency:+       0 (I)        0 (I) 
           Arrival:=    2000            0     
                                              
             Setup:-      31                  
       Uncertainty:-     260                  
       Path Adjust:+    -120                  
     Required Time:=    1589                  
      Launch Clock:-       0                  
         Data Path:-    1517                  
             Slack:=      72                  

Exceptions/Constraints:
  path_adjust             -100            tmp_sdc_func_tt_0p80_3_line_77670  
  path_adjust             -20             tmp_sdc_func_tt_0p80_3_line_155026 

#---------------------------------------------------------------------------------------------------------------------------------------------------------
#                           Timing Point                             Flags    Arc   Edge          Cell           Fanout Load Trans Delay Arrival Instance 
#                                                                                                                       (fF)  (ps)  (ps)   (ps)  Location 
#---------------------------------------------------------------------------------------------------------------------------------------------------------
  i_cpu/issue_stage_i/i_issue_read_operands/branch_valid_q_reg/CP    -       -      R     (arrival)                2344    -     0     -       0    (-,-) 
  i_cpu/issue_stage_i/i_issue_read_operands/branch_valid_q_reg/Q     -       CP->Q  R     DFCNQD2BWP7T30P140         10 12.1    46    70      70    (-,-) 
  i_cpu/ex_stage_i/g2295/Z                                           -       A2->Z  R     OR2OPTPAD8BWP7T30P140       9  9.8    13    26      96    (-,-) 
  i_cpu/ex_stage_i/g208/Z                                            -       A1->Z  R     AN2D2BWP7T30P140            6  5.8    25    33     129    (-,-) 
  i_cpu/ex_stage_i/alu_i/g52728/ZN                                   -       A1->ZN F     NR2OPTPAD1BWP7T30P140       1  1.7    18    17     146    (-,-) 
  i_cpu/ex_stage_i/alu_i/g52724/ZN                                   -       A2->ZN R     ND2OPTPAD2BWP7T30P140      15 13.2    52    36     182    (-,-) 
  i_cpu/ex_stage_i/alu_i/g52808/ZN                                   -       I->ZN  F     INVD2BWP7T30P140            2  2.4    20    17     199    (-,-) 
  i_cpu/ex_stage_i/alu_i/g52802/ZN                                   -       A2->ZN R     ND2OPTPAD1BWP7T30P140       2  2.1    23    22     221    (-,-) 
  i_cpu/ex_stage_i/alu_i/g52792/ZN                                   -       A2->ZN F     CKND2D2BWP7T30P140          1  1.2    15    14     236    (-,-) 
  i_cpu/ex_stage_i/alu_i/g80492/ZN                                   -       A1->ZN F     IND4D2BWP7T30P140           5  7.6    59    56     292    (-,-) 
  i_cpu/ex_stage_i/alu_i/g52785/ZN                                   -       I->ZN  R     INVD3BWP7T30P140           12 10.2    36    38     329    (-,-) 
  i_cpu/ex_stage_i/alu_i/g52747/ZN                                   -       A1->ZN F     MOAI22D2BWP7T30P140         5  5.4    23    52     381    (-,-) 
  i_cpu/ex_stage_i/alu_i/add_107_53_g6746/ZN                         -       A2->ZN R     ND2OPTPAD1BWP7T30P140       2  2.9    30    26     407    (-,-) 
  i_cpu/ex_stage_i/alu_i/add_107_53_g6511/ZN                         -       B->ZN  F     OAI21D4BWP7T30P140          3  3.7    24    24     431    (-,-) 
  i_cpu/ex_stage_i/alu_i/add_107_53_g6506/ZN                         -       A1->ZN R     AOI21D4BWP7T30P140          3  3.7    27    22     454    (-,-) 
  i_cpu/ex_stage_i/alu_i/add_107_53_g6503/ZN                         -       A1->ZN F     OAI21OPTBD4BWP7T30P140      3  3.4    24    18     471    (-,-) 
  i_cpu/ex_stage_i/alu_i/add_107_53_g6501/ZN                         -       A1->ZN R     CKND2D4BWP7T30P140          1  2.7    16    16     488    (-,-) 
  i_cpu/ex_stage_i/alu_i/add_107_53_g6499/ZN                         -       A1->ZN F     CKND2D8BWP7T30P140          4  4.9    20    12     499    (-,-) 
  i_cpu/ex_stage_i/alu_i/add_107_53_g6496/ZN                         -       A1->ZN R     AOI21OPTBD4BWP7T30P140      3  4.0    25    20     520    (-,-) 
  i_cpu/ex_stage_i/alu_i/add_107_53_g6487/ZN                         -       A1->ZN F     OAI21D4BWP7T30P140          3  3.4    22    19     538    (-,-) 
  i_cpu/ex_stage_i/alu_i/add_107_53_g6484/ZN                         -       A1->ZN R     CKND2D4BWP7T30P140          1  2.0    14    14     552    (-,-) 
  i_cpu/ex_stage_i/alu_i/add_107_53_g6482/ZN                         -       A1->ZN F     ND2D4BWP7T30P140            3  3.4    19    14     567    (-,-) 
  i_cpu/ex_stage_i/alu_i/add_107_53_g6479/ZN                         -       A1->ZN R     CKND2D4BWP7T30P140          1  2.7    16    15     582    (-,-) 
  i_cpu/ex_stage_i/alu_i/add_107_53_g6477/ZN                         -       A1->ZN F     CKND2D8BWP7T30P140          5  5.1    18    12     594    (-,-) 
  i_cpu/ex_stage_i/alu_i/add_107_53_g6476/ZN                         -       A1->ZN R     CKND2D4BWP7T30P140          1  2.0    14    13     606    (-,-) 
  i_cpu/ex_stage_i/alu_i/add_107_53_g6471/ZN                         -       A1->ZN F     ND2OPTPAD4BWP7T30P140       3  3.3    15    13     619    (-,-) 
  i_cpu/ex_stage_i/alu_i/add_107_53_g6465/ZN                         -       A1->ZN R     CKND2D4BWP7T30P140          2  2.2    15    12     632    (-,-) 
  i_cpu/ex_stage_i/alu_i/add_107_53_g6802/ZN                         -       A1->ZN F     NR3OPTPAD2BWP7T30P140       1  2.0    25    14     645    (-,-) 
  i_cpu/ex_stage_i/alu_i/add_107_53_g6453/ZN                         -       A1->ZN R     NR2OPTPAD4BWP7T30P140       4  4.1    21    20     665    (-,-) 
  i_cpu/ex_stage_i/alu_i/add_107_53_g6444/ZN                         -       A1->ZN F     NR2D3BWP7T30P140            1  2.0    12    11     676    (-,-) 
  i_cpu/ex_stage_i/alu_i/add_107_53_g6440/ZN                         -       A1->ZN R     NR2OPTPAD4BWP7T30P140       3  3.6    16    15     691    (-,-) 
  i_cpu/ex_stage_i/alu_i/add_107_53_g6435/ZN                         -       A1->ZN F     OAI21D4BWP7T30P140          2  3.7    28    17     708    (-,-) 
  i_cpu/ex_stage_i/alu_i/add_107_53_g6430/ZN                         -       A1->ZN R     AOI21OPTBD6BWP7T30P140      4  4.9    23    21     729    (-,-) 
  i_cpu/ex_stage_i/alu_i/add_107_53_g6421/ZN                         -       A1->ZN F     OAI21D4BWP7T30P140          3  4.5    26    20     750    (-,-) 
  i_cpu/ex_stage_i/alu_i/add_107_53_g6416/ZN                         -       A1->ZN R     AOI21OPTBD4BWP7T30P140      2  2.3    22    19     768    (-,-) 
  i_cpu/ex_stage_i/alu_i/add_107_53_g6400/ZN                         -       A1->ZN F     NR2OPTPAD2BWP7T30P140       2  2.7    15    14     783    (-,-) 
  i_cpu/ex_stage_i/alu_i/add_107_53_g6378/ZN                         -       A1->ZN R     AOI21OPTBD2BWP7T30P140      2  2.8    32    22     805    (-,-) 
  i_cpu/ex_stage_i/alu_i/add_107_53_g6368/ZN                         -       A1->ZN F     NR2D3BWP7T30P140            2  3.2    18    15     819    (-,-) 
  i_cpu/ex_stage_i/alu_i/add_107_53_g6357/ZN                         -       A1->ZN R     AOI21D4BWP7T30P140          3  3.1    25    20     839    (-,-) 
  i_cpu/ex_stage_i/alu_i/add_107_53_g6354/ZN                         -       A1->ZN F     OAI21OPTBD2BWP7T30P140      2  2.5    27    20     859    (-,-) 
  i_cpu/ex_stage_i/alu_i/add_107_53_g6353/ZN                         -       I->ZN  R     INVD3BWP7T30P140            1  1.5    11    13     871    (-,-) 
  i_cpu/ex_stage_i/alu_i/add_107_53_g6351/ZN                         -       A1->ZN F     OAI21OPTBD2BWP7T30P140      1  1.5    23    13     884    (-,-) 
  i_cpu/ex_stage_i/alu_i/add_107_53_g6801/Z                          -       A1->Z  R     XOR3D2BWP7T30P140           2  2.4    16    67     952    (-,-) 
  i_cpu/ex_stage_i/alu_i/g78623/ZN                                   -       A2->ZN F     NR2OPTPAD2BWP7T30P140       2  4.0    20    14     966    (-,-) 
  i_cpu/ex_stage_i/alu_i/g80465/ZN                                   -       B1->ZN R     IND2OPTPAD4BWP7T30P140      1  1.9    10    12     978    (-,-) 
  i_cpu/ex_stage_i/alu_i/g78621/ZN                                   -       B->ZN  F     OAI211D4BWP7T30P140         3  4.4    38    27    1005    (-,-) 
  i_cpu/ex_stage_i/branch_unit_i/g5614/ZN                            -       B1->ZN R     INR2D4BWP7T30P140           1  3.1    22    23    1028    (-,-) 
  i_cpu/ex_stage_i/branch_unit_i/g5339/ZN                            -       A1->ZN F     NR2OPTPAD8BWP7T30P140      15 12.0    24    15    1043    (-,-) 
  i_cpu/issue_stage_i/i_scoreboard/g186194/ZN                        -       A1->ZN F     IND2OPTPAD4BWP7T30P140      3  4.0    17    25    1068    (-,-) 
  i_cpu/issue_stage_i/i_scoreboard/g12899/ZN                         -       A1->ZN R     NR2D3BWP7T30P140            4  4.5    30    23    1091    (-,-) 
  i_cpu/issue_stage_i/i_scoreboard/i_sel_rs1/g12660/ZN               -       A1->ZN R     IND2OPTPAD4BWP7T30P140      3  4.1    16    22    1113    (-,-) 
  i_cpu/issue_stage_i/i_scoreboard/i_sel_rs1/g12561/ZN               -       A1->ZN F     NR2D3BWP7T30P140            3  3.0    14    11    1124    (-,-) 
  i_cpu/issue_stage_i/i_scoreboard/i_sel_rs1/g12468/Z                -       A1->Z  F     CKAN2D4BWP7T30P140          5  5.4    13    24    1148    (-,-) 
  i_cpu/issue_stage_i/i_scoreboard/i_sel_rs1/g12360/ZN               -       A1->ZN R     ND2D2BWP7T30P140            1  1.5    14    11    1159    (-,-) 
  i_cpu/issue_stage_i/i_scoreboard/g3396/Z                           -       A1->Z  R     AN2D4BWP7T30P140            2  3.1    11    23    1182    (-,-) 
  i_cpu/issue_stage_i/i_issue_read_operands/g15644/ZN                -       A1->ZN F     AOI21OPTBD4BWP7T30P140      2  3.3    18    14    1196    (-,-) 
  i_cpu/issue_stage_i/i_issue_read_operands/g3/ZN                    -       A1->ZN F     IND3D1BWP7T30P140           1  1.4    36    33    1229    (-,-) 
  i_cpu/issue_stage_i/i_issue_read_operands/g16206/ZN                -       B2->ZN R     IND3D2BWP7T30P140           1  2.1    19    21    1250    (-,-) 
  i_cpu/issue_stage_i/i_issue_read_operands/g15322/ZN                -       A1->ZN F     OAI21OPTBD4BWP7T30P140      2  2.8    18    15    1265    (-,-) 
  i_cpu/issue_stage_i/i_issue_read_operands/g4798/ZN                 -       I->ZN  R     INVD4BWP7T30P140            2  2.8    10    11    1276    (-,-) 
  i_cpu/issue_stage_i/i_scoreboard/g186210/ZN                        -       B1->ZN F     IND2D4BWP7T30P140           2  5.6    23    17    1293    (-,-) 
  i_cpu/issue_stage_i/i_scoreboard/g183555/ZN                        -       I->ZN  R     INVD12BWP7T30P140           9 18.1    16    17    1310    (-,-) 
  i_cpu/issue_stage_i/i_scoreboard/g179714/ZN                        -       A1->ZN F     CKND2D8BWP7T30P140         12 11.6    24    18    1328    (-,-) 
  i_cpu/issue_stage_i/i_scoreboard/g178114/Z                         -       S->Z   R     MUX2D1BWP7T30P140           4  3.8    34    47    1376    (-,-) 
  i_cpu/issue_stage_i/i_scoreboard/g186257/Z                         -       B1->Z  R     AO22D1BWP7T30P140           1  2.2    22    40    1416    (-,-) 
  i_cpu/issue_stage_i/i_scoreboard/g177544/ZN                        -       A3->ZN F     NR3D2BWP7T30P140            1  2.5    19    20    1436    (-,-) 
  i_cpu/issue_stage_i/i_scoreboard/g177514/ZN                        -       A2->ZN R     NR2OPTPAD4BWP7T30P140       1  4.4    20    20    1455    (-,-) 
  i_cpu/issue_stage_i/i_scoreboard/g176512/ZN                        -       A1->ZN F     ND2OPTPAD12BWP7T30P140      8 16.0    21    18    1474    (-,-) 
  i_cpu/issue_stage_i/i_scoreboard/g175291/ZN                        -       B1->ZN R     OAI22D4BWP7T30P140          1  2.0    28    22    1496    (-,-) 
  i_cpu/issue_stage_i/i_scoreboard/g174793/ZN                        -       A1->ZN F     NR2D4BWP7T30P140            2  2.4    12    11    1507    (-,-) 
  i_cpu/issue_stage_i/i_scoreboard/g174212/ZN                        -       A1->ZN R     ND2D2BWP7T30P140            1  1.2    11    10    1517    (-,-) 
  i_cpu/issue_stage_i/i_scoreboard/RC_CG_HIER_INST114/RC_CGIC_INST/E -       -      R     CKLNQD1BWP7T30P140          1    -     -     0    1517    (-,-) 
#---------------------------------------------------------------------------------------------------------------------------------------------------------



Path 9: MET (72 ps) Setup Check with Pin i_cpu/issue_stage_i/i_scoreboard/RC_CG_HIER_INST117/RC_CGIC_INST/CP->E
           View: func_tt_0p80v_85c
          Group: C2C_func_tt_0p80v_25c
     Startpoint: (R) i_cpu/issue_stage_i/i_issue_read_operands/branch_valid_q_reg/CP
          Clock: (R) clk
       Endpoint: (R) i_cpu/issue_stage_i/i_scoreboard/RC_CG_HIER_INST117/RC_CGIC_INST/E
          Clock: (R) clk

                     Capture       Launch     
        Clock Edge:+    2000            0     
       Src Latency:+       0            0     
       Net Latency:+       0 (I)        0 (I) 
           Arrival:=    2000            0     
                                              
             Setup:-      31                  
       Uncertainty:-     260                  
       Path Adjust:+    -120                  
     Required Time:=    1589                  
      Launch Clock:-       0                  
         Data Path:-    1517                  
             Slack:=      72                  

Exceptions/Constraints:
  path_adjust             -100            tmp_sdc_func_tt_0p80_3_line_77670  
  path_adjust             -20             tmp_sdc_func_tt_0p80_3_line_155026 

#---------------------------------------------------------------------------------------------------------------------------------------------------------
#                           Timing Point                             Flags    Arc   Edge          Cell           Fanout Load Trans Delay Arrival Instance 
#                                                                                                                       (fF)  (ps)  (ps)   (ps)  Location 
#---------------------------------------------------------------------------------------------------------------------------------------------------------
  i_cpu/issue_stage_i/i_issue_read_operands/branch_valid_q_reg/CP    -       -      R     (arrival)                2344    -     0     -       0    (-,-) 
  i_cpu/issue_stage_i/i_issue_read_operands/branch_valid_q_reg/Q     -       CP->Q  R     DFCNQD2BWP7T30P140         10 12.1    46    70      70    (-,-) 
  i_cpu/ex_stage_i/g2295/Z                                           -       A2->Z  R     OR2OPTPAD8BWP7T30P140       9  9.8    13    26      96    (-,-) 
  i_cpu/ex_stage_i/g208/Z                                            -       A1->Z  R     AN2D2BWP7T30P140            6  5.8    25    33     129    (-,-) 
  i_cpu/ex_stage_i/alu_i/g52728/ZN                                   -       A1->ZN F     NR2OPTPAD1BWP7T30P140       1  1.7    18    17     146    (-,-) 
  i_cpu/ex_stage_i/alu_i/g52724/ZN                                   -       A2->ZN R     ND2OPTPAD2BWP7T30P140      15 13.2    52    36     182    (-,-) 
  i_cpu/ex_stage_i/alu_i/g52808/ZN                                   -       I->ZN  F     INVD2BWP7T30P140            2  2.4    20    17     199    (-,-) 
  i_cpu/ex_stage_i/alu_i/g52802/ZN                                   -       A2->ZN R     ND2OPTPAD1BWP7T30P140       2  2.1    23    22     221    (-,-) 
  i_cpu/ex_stage_i/alu_i/g52792/ZN                                   -       A2->ZN F     CKND2D2BWP7T30P140          1  1.2    15    14     236    (-,-) 
  i_cpu/ex_stage_i/alu_i/g80492/ZN                                   -       A1->ZN F     IND4D2BWP7T30P140           5  7.6    59    56     292    (-,-) 
  i_cpu/ex_stage_i/alu_i/g52785/ZN                                   -       I->ZN  R     INVD3BWP7T30P140           12 10.2    36    38     329    (-,-) 
  i_cpu/ex_stage_i/alu_i/g52747/ZN                                   -       A1->ZN F     MOAI22D2BWP7T30P140         5  5.4    23    52     381    (-,-) 
  i_cpu/ex_stage_i/alu_i/add_107_53_g6746/ZN                         -       A2->ZN R     ND2OPTPAD1BWP7T30P140       2  2.9    30    26     407    (-,-) 
  i_cpu/ex_stage_i/alu_i/add_107_53_g6511/ZN                         -       B->ZN  F     OAI21D4BWP7T30P140          3  3.7    24    24     431    (-,-) 
  i_cpu/ex_stage_i/alu_i/add_107_53_g6506/ZN                         -       A1->ZN R     AOI21D4BWP7T30P140          3  3.7    27    22     454    (-,-) 
  i_cpu/ex_stage_i/alu_i/add_107_53_g6503/ZN                         -       A1->ZN F     OAI21OPTBD4BWP7T30P140      3  3.4    24    18     471    (-,-) 
  i_cpu/ex_stage_i/alu_i/add_107_53_g6501/ZN                         -       A1->ZN R     CKND2D4BWP7T30P140          1  2.7    16    16     488    (-,-) 
  i_cpu/ex_stage_i/alu_i/add_107_53_g6499/ZN                         -       A1->ZN F     CKND2D8BWP7T30P140          4  4.9    20    12     499    (-,-) 
  i_cpu/ex_stage_i/alu_i/add_107_53_g6496/ZN                         -       A1->ZN R     AOI21OPTBD4BWP7T30P140      3  4.0    25    20     520    (-,-) 
  i_cpu/ex_stage_i/alu_i/add_107_53_g6487/ZN                         -       A1->ZN F     OAI21D4BWP7T30P140          3  3.4    22    19     538    (-,-) 
  i_cpu/ex_stage_i/alu_i/add_107_53_g6484/ZN                         -       A1->ZN R     CKND2D4BWP7T30P140          1  2.0    14    14     552    (-,-) 
  i_cpu/ex_stage_i/alu_i/add_107_53_g6482/ZN                         -       A1->ZN F     ND2D4BWP7T30P140            3  3.4    19    14     567    (-,-) 
  i_cpu/ex_stage_i/alu_i/add_107_53_g6479/ZN                         -       A1->ZN R     CKND2D4BWP7T30P140          1  2.7    16    15     582    (-,-) 
  i_cpu/ex_stage_i/alu_i/add_107_53_g6477/ZN                         -       A1->ZN F     CKND2D8BWP7T30P140          5  5.1    18    12     594    (-,-) 
  i_cpu/ex_stage_i/alu_i/add_107_53_g6476/ZN                         -       A1->ZN R     CKND2D4BWP7T30P140          1  2.0    14    13     606    (-,-) 
  i_cpu/ex_stage_i/alu_i/add_107_53_g6471/ZN                         -       A1->ZN F     ND2OPTPAD4BWP7T30P140       3  3.3    15    13     619    (-,-) 
  i_cpu/ex_stage_i/alu_i/add_107_53_g6465/ZN                         -       A1->ZN R     CKND2D4BWP7T30P140          2  2.2    15    12     632    (-,-) 
  i_cpu/ex_stage_i/alu_i/add_107_53_g6802/ZN                         -       A1->ZN F     NR3OPTPAD2BWP7T30P140       1  2.0    25    14     645    (-,-) 
  i_cpu/ex_stage_i/alu_i/add_107_53_g6453/ZN                         -       A1->ZN R     NR2OPTPAD4BWP7T30P140       4  4.1    21    20     665    (-,-) 
  i_cpu/ex_stage_i/alu_i/add_107_53_g6444/ZN                         -       A1->ZN F     NR2D3BWP7T30P140            1  2.0    12    11     676    (-,-) 
  i_cpu/ex_stage_i/alu_i/add_107_53_g6440/ZN                         -       A1->ZN R     NR2OPTPAD4BWP7T30P140       3  3.6    16    15     691    (-,-) 
  i_cpu/ex_stage_i/alu_i/add_107_53_g6435/ZN                         -       A1->ZN F     OAI21D4BWP7T30P140          2  3.7    28    17     708    (-,-) 
  i_cpu/ex_stage_i/alu_i/add_107_53_g6430/ZN                         -       A1->ZN R     AOI21OPTBD6BWP7T30P140      4  4.9    23    21     729    (-,-) 
  i_cpu/ex_stage_i/alu_i/add_107_53_g6421/ZN                         -       A1->ZN F     OAI21D4BWP7T30P140          3  4.5    26    20     750    (-,-) 
  i_cpu/ex_stage_i/alu_i/add_107_53_g6416/ZN                         -       A1->ZN R     AOI21OPTBD4BWP7T30P140      2  2.3    22    19     768    (-,-) 
  i_cpu/ex_stage_i/alu_i/add_107_53_g6400/ZN                         -       A1->ZN F     NR2OPTPAD2BWP7T30P140       2  2.7    15    14     783    (-,-) 
  i_cpu/ex_stage_i/alu_i/add_107_53_g6378/ZN                         -       A1->ZN R     AOI21OPTBD2BWP7T30P140      2  2.8    32    22     805    (-,-) 
  i_cpu/ex_stage_i/alu_i/add_107_53_g6368/ZN                         -       A1->ZN F     NR2D3BWP7T30P140            2  3.2    18    15     819    (-,-) 
  i_cpu/ex_stage_i/alu_i/add_107_53_g6357/ZN                         -       A1->ZN R     AOI21D4BWP7T30P140          3  3.1    25    20     839    (-,-) 
  i_cpu/ex_stage_i/alu_i/add_107_53_g6354/ZN                         -       A1->ZN F     OAI21OPTBD2BWP7T30P140      2  2.5    27    20     859    (-,-) 
  i_cpu/ex_stage_i/alu_i/add_107_53_g6353/ZN                         -       I->ZN  R     INVD3BWP7T30P140            1  1.5    11    13     871    (-,-) 
  i_cpu/ex_stage_i/alu_i/add_107_53_g6351/ZN                         -       A1->ZN F     OAI21OPTBD2BWP7T30P140      1  1.5    23    13     884    (-,-) 
  i_cpu/ex_stage_i/alu_i/add_107_53_g6801/Z                          -       A1->Z  R     XOR3D2BWP7T30P140           2  2.4    16    67     952    (-,-) 
  i_cpu/ex_stage_i/alu_i/g78623/ZN                                   -       A2->ZN F     NR2OPTPAD2BWP7T30P140       2  4.0    20    14     966    (-,-) 
  i_cpu/ex_stage_i/alu_i/g80465/ZN                                   -       B1->ZN R     IND2OPTPAD4BWP7T30P140      1  1.9    10    12     978    (-,-) 
  i_cpu/ex_stage_i/alu_i/g78621/ZN                                   -       B->ZN  F     OAI211D4BWP7T30P140         3  4.4    38    27    1005    (-,-) 
  i_cpu/ex_stage_i/branch_unit_i/g5614/ZN                            -       B1->ZN R     INR2D4BWP7T30P140           1  3.1    22    23    1028    (-,-) 
  i_cpu/ex_stage_i/branch_unit_i/g5339/ZN                            -       A1->ZN F     NR2OPTPAD8BWP7T30P140      15 12.0    24    15    1043    (-,-) 
  i_cpu/issue_stage_i/i_scoreboard/g186194/ZN                        -       A1->ZN F     IND2OPTPAD4BWP7T30P140      3  4.0    17    25    1068    (-,-) 
  i_cpu/issue_stage_i/i_scoreboard/g12899/ZN                         -       A1->ZN R     NR2D3BWP7T30P140            4  4.5    30    23    1091    (-,-) 
  i_cpu/issue_stage_i/i_scoreboard/i_sel_rs1/g12660/ZN               -       A1->ZN R     IND2OPTPAD4BWP7T30P140      3  4.1    16    22    1113    (-,-) 
  i_cpu/issue_stage_i/i_scoreboard/i_sel_rs1/g12561/ZN               -       A1->ZN F     NR2D3BWP7T30P140            3  3.0    14    11    1124    (-,-) 
  i_cpu/issue_stage_i/i_scoreboard/i_sel_rs1/g12468/Z                -       A1->Z  F     CKAN2D4BWP7T30P140          5  5.4    13    24    1148    (-,-) 
  i_cpu/issue_stage_i/i_scoreboard/i_sel_rs1/g12360/ZN               -       A1->ZN R     ND2D2BWP7T30P140            1  1.5    14    11    1159    (-,-) 
  i_cpu/issue_stage_i/i_scoreboard/g3396/Z                           -       A1->Z  R     AN2D4BWP7T30P140            2  3.1    11    23    1182    (-,-) 
  i_cpu/issue_stage_i/i_issue_read_operands/g15644/ZN                -       A1->ZN F     AOI21OPTBD4BWP7T30P140      2  3.3    18    14    1196    (-,-) 
  i_cpu/issue_stage_i/i_issue_read_operands/g3/ZN                    -       A1->ZN F     IND3D1BWP7T30P140           1  1.4    36    33    1229    (-,-) 
  i_cpu/issue_stage_i/i_issue_read_operands/g16206/ZN                -       B2->ZN R     IND3D2BWP7T30P140           1  2.1    19    21    1250    (-,-) 
  i_cpu/issue_stage_i/i_issue_read_operands/g15322/ZN                -       A1->ZN F     OAI21OPTBD4BWP7T30P140      2  2.8    18    15    1265    (-,-) 
  i_cpu/issue_stage_i/i_issue_read_operands/g4798/ZN                 -       I->ZN  R     INVD4BWP7T30P140            2  2.8    10    11    1276    (-,-) 
  i_cpu/issue_stage_i/i_scoreboard/g186210/ZN                        -       B1->ZN F     IND2D4BWP7T30P140           2  5.6    23    17    1293    (-,-) 
  i_cpu/issue_stage_i/i_scoreboard/g183555/ZN                        -       I->ZN  R     INVD12BWP7T30P140           9 18.1    16    17    1310    (-,-) 
  i_cpu/issue_stage_i/i_scoreboard/g179714/ZN                        -       A1->ZN F     CKND2D8BWP7T30P140         12 11.6    24    18    1328    (-,-) 
  i_cpu/issue_stage_i/i_scoreboard/g178114/Z                         -       S->Z   R     MUX2D1BWP7T30P140           4  3.8    34    47    1376    (-,-) 
  i_cpu/issue_stage_i/i_scoreboard/g186257/Z                         -       B1->Z  R     AO22D1BWP7T30P140           1  2.2    22    40    1416    (-,-) 
  i_cpu/issue_stage_i/i_scoreboard/g177544/ZN                        -       A3->ZN F     NR3D2BWP7T30P140            1  2.5    19    20    1436    (-,-) 
  i_cpu/issue_stage_i/i_scoreboard/g177514/ZN                        -       A2->ZN R     NR2OPTPAD4BWP7T30P140       1  4.4    20    20    1455    (-,-) 
  i_cpu/issue_stage_i/i_scoreboard/g176512/ZN                        -       A1->ZN F     ND2OPTPAD12BWP7T30P140      8 16.0    21    18    1474    (-,-) 
  i_cpu/issue_stage_i/i_scoreboard/g175419/ZN                        -       B1->ZN R     OAI22D4BWP7T30P140          1  2.0    28    22    1496    (-,-) 
  i_cpu/issue_stage_i/i_scoreboard/g174796/ZN                        -       A1->ZN F     NR2D4BWP7T30P140            2  2.4    12    11    1507    (-,-) 
  i_cpu/issue_stage_i/i_scoreboard/g174205/ZN                        -       A1->ZN R     ND2D2BWP7T30P140            1  1.2    11    10    1517    (-,-) 
  i_cpu/issue_stage_i/i_scoreboard/RC_CG_HIER_INST117/RC_CGIC_INST/E -       -      R     CKLNQD1BWP7T30P140          1    -     -     0    1517    (-,-) 
#---------------------------------------------------------------------------------------------------------------------------------------------------------



Path 10: MET (72 ps) Setup Check with Pin i_cpu/issue_stage_i/i_scoreboard/RC_CG_HIER_INST118/RC_CGIC_INST/CP->E
           View: func_tt_0p80v_85c
          Group: C2C_func_tt_0p80v_25c
     Startpoint: (R) i_cpu/issue_stage_i/i_issue_read_operands/branch_valid_q_reg/CP
          Clock: (R) clk
       Endpoint: (R) i_cpu/issue_stage_i/i_scoreboard/RC_CG_HIER_INST118/RC_CGIC_INST/E
          Clock: (R) clk

                     Capture       Launch     
        Clock Edge:+    2000            0     
       Src Latency:+       0            0     
       Net Latency:+       0 (I)        0 (I) 
           Arrival:=    2000            0     
                                              
             Setup:-      31                  
       Uncertainty:-     260                  
       Path Adjust:+    -120                  
     Required Time:=    1589                  
      Launch Clock:-       0                  
         Data Path:-    1517                  
             Slack:=      72                  

Exceptions/Constraints:
  path_adjust             -100            tmp_sdc_func_tt_0p80_3_line_77670  
  path_adjust             -20             tmp_sdc_func_tt_0p80_3_line_155026 

#---------------------------------------------------------------------------------------------------------------------------------------------------------
#                           Timing Point                             Flags    Arc   Edge          Cell           Fanout Load Trans Delay Arrival Instance 
#                                                                                                                       (fF)  (ps)  (ps)   (ps)  Location 
#---------------------------------------------------------------------------------------------------------------------------------------------------------
  i_cpu/issue_stage_i/i_issue_read_operands/branch_valid_q_reg/CP    -       -      R     (arrival)                2344    -     0     -       0    (-,-) 
  i_cpu/issue_stage_i/i_issue_read_operands/branch_valid_q_reg/Q     -       CP->Q  R     DFCNQD2BWP7T30P140         10 12.1    46    70      70    (-,-) 
  i_cpu/ex_stage_i/g2295/Z                                           -       A2->Z  R     OR2OPTPAD8BWP7T30P140       9  9.8    13    26      96    (-,-) 
  i_cpu/ex_stage_i/g208/Z                                            -       A1->Z  R     AN2D2BWP7T30P140            6  5.8    25    33     129    (-,-) 
  i_cpu/ex_stage_i/alu_i/g52728/ZN                                   -       A1->ZN F     NR2OPTPAD1BWP7T30P140       1  1.7    18    17     146    (-,-) 
  i_cpu/ex_stage_i/alu_i/g52724/ZN                                   -       A2->ZN R     ND2OPTPAD2BWP7T30P140      15 13.2    52    36     182    (-,-) 
  i_cpu/ex_stage_i/alu_i/g52808/ZN                                   -       I->ZN  F     INVD2BWP7T30P140            2  2.4    20    17     199    (-,-) 
  i_cpu/ex_stage_i/alu_i/g52802/ZN                                   -       A2->ZN R     ND2OPTPAD1BWP7T30P140       2  2.1    23    22     221    (-,-) 
  i_cpu/ex_stage_i/alu_i/g52792/ZN                                   -       A2->ZN F     CKND2D2BWP7T30P140          1  1.2    15    14     236    (-,-) 
  i_cpu/ex_stage_i/alu_i/g80492/ZN                                   -       A1->ZN F     IND4D2BWP7T30P140           5  7.6    59    56     292    (-,-) 
  i_cpu/ex_stage_i/alu_i/g52785/ZN                                   -       I->ZN  R     INVD3BWP7T30P140           12 10.2    36    38     329    (-,-) 
  i_cpu/ex_stage_i/alu_i/g52747/ZN                                   -       A1->ZN F     MOAI22D2BWP7T30P140         5  5.4    23    52     381    (-,-) 
  i_cpu/ex_stage_i/alu_i/add_107_53_g6746/ZN                         -       A2->ZN R     ND2OPTPAD1BWP7T30P140       2  2.9    30    26     407    (-,-) 
  i_cpu/ex_stage_i/alu_i/add_107_53_g6511/ZN                         -       B->ZN  F     OAI21D4BWP7T30P140          3  3.7    24    24     431    (-,-) 
  i_cpu/ex_stage_i/alu_i/add_107_53_g6506/ZN                         -       A1->ZN R     AOI21D4BWP7T30P140          3  3.7    27    22     454    (-,-) 
  i_cpu/ex_stage_i/alu_i/add_107_53_g6503/ZN                         -       A1->ZN F     OAI21OPTBD4BWP7T30P140      3  3.4    24    18     471    (-,-) 
  i_cpu/ex_stage_i/alu_i/add_107_53_g6501/ZN                         -       A1->ZN R     CKND2D4BWP7T30P140          1  2.7    16    16     488    (-,-) 
  i_cpu/ex_stage_i/alu_i/add_107_53_g6499/ZN                         -       A1->ZN F     CKND2D8BWP7T30P140          4  4.9    20    12     499    (-,-) 
  i_cpu/ex_stage_i/alu_i/add_107_53_g6496/ZN                         -       A1->ZN R     AOI21OPTBD4BWP7T30P140      3  4.0    25    20     520    (-,-) 
  i_cpu/ex_stage_i/alu_i/add_107_53_g6487/ZN                         -       A1->ZN F     OAI21D4BWP7T30P140          3  3.4    22    19     538    (-,-) 
  i_cpu/ex_stage_i/alu_i/add_107_53_g6484/ZN                         -       A1->ZN R     CKND2D4BWP7T30P140          1  2.0    14    14     552    (-,-) 
  i_cpu/ex_stage_i/alu_i/add_107_53_g6482/ZN                         -       A1->ZN F     ND2D4BWP7T30P140            3  3.4    19    14     567    (-,-) 
  i_cpu/ex_stage_i/alu_i/add_107_53_g6479/ZN                         -       A1->ZN R     CKND2D4BWP7T30P140          1  2.7    16    15     582    (-,-) 
  i_cpu/ex_stage_i/alu_i/add_107_53_g6477/ZN                         -       A1->ZN F     CKND2D8BWP7T30P140          5  5.1    18    12     594    (-,-) 
  i_cpu/ex_stage_i/alu_i/add_107_53_g6476/ZN                         -       A1->ZN R     CKND2D4BWP7T30P140          1  2.0    14    13     606    (-,-) 
  i_cpu/ex_stage_i/alu_i/add_107_53_g6471/ZN                         -       A1->ZN F     ND2OPTPAD4BWP7T30P140       3  3.3    15    13     619    (-,-) 
  i_cpu/ex_stage_i/alu_i/add_107_53_g6465/ZN                         -       A1->ZN R     CKND2D4BWP7T30P140          2  2.2    15    12     632    (-,-) 
  i_cpu/ex_stage_i/alu_i/add_107_53_g6802/ZN                         -       A1->ZN F     NR3OPTPAD2BWP7T30P140       1  2.0    25    14     645    (-,-) 
  i_cpu/ex_stage_i/alu_i/add_107_53_g6453/ZN                         -       A1->ZN R     NR2OPTPAD4BWP7T30P140       4  4.1    21    20     665    (-,-) 
  i_cpu/ex_stage_i/alu_i/add_107_53_g6444/ZN                         -       A1->ZN F     NR2D3BWP7T30P140            1  2.0    12    11     676    (-,-) 
  i_cpu/ex_stage_i/alu_i/add_107_53_g6440/ZN                         -       A1->ZN R     NR2OPTPAD4BWP7T30P140       3  3.6    16    15     691    (-,-) 
  i_cpu/ex_stage_i/alu_i/add_107_53_g6435/ZN                         -       A1->ZN F     OAI21D4BWP7T30P140          2  3.7    28    17     708    (-,-) 
  i_cpu/ex_stage_i/alu_i/add_107_53_g6430/ZN                         -       A1->ZN R     AOI21OPTBD6BWP7T30P140      4  4.9    23    21     729    (-,-) 
  i_cpu/ex_stage_i/alu_i/add_107_53_g6421/ZN                         -       A1->ZN F     OAI21D4BWP7T30P140          3  4.5    26    20     750    (-,-) 
  i_cpu/ex_stage_i/alu_i/add_107_53_g6416/ZN                         -       A1->ZN R     AOI21OPTBD4BWP7T30P140      2  2.3    22    19     768    (-,-) 
  i_cpu/ex_stage_i/alu_i/add_107_53_g6400/ZN                         -       A1->ZN F     NR2OPTPAD2BWP7T30P140       2  2.7    15    14     783    (-,-) 
  i_cpu/ex_stage_i/alu_i/add_107_53_g6378/ZN                         -       A1->ZN R     AOI21OPTBD2BWP7T30P140      2  2.8    32    22     805    (-,-) 
  i_cpu/ex_stage_i/alu_i/add_107_53_g6368/ZN                         -       A1->ZN F     NR2D3BWP7T30P140            2  3.2    18    15     819    (-,-) 
  i_cpu/ex_stage_i/alu_i/add_107_53_g6357/ZN                         -       A1->ZN R     AOI21D4BWP7T30P140          3  3.1    25    20     839    (-,-) 
  i_cpu/ex_stage_i/alu_i/add_107_53_g6354/ZN                         -       A1->ZN F     OAI21OPTBD2BWP7T30P140      2  2.5    27    20     859    (-,-) 
  i_cpu/ex_stage_i/alu_i/add_107_53_g6353/ZN                         -       I->ZN  R     INVD3BWP7T30P140            1  1.5    11    13     871    (-,-) 
  i_cpu/ex_stage_i/alu_i/add_107_53_g6351/ZN                         -       A1->ZN F     OAI21OPTBD2BWP7T30P140      1  1.5    23    13     884    (-,-) 
  i_cpu/ex_stage_i/alu_i/add_107_53_g6801/Z                          -       A1->Z  R     XOR3D2BWP7T30P140           2  2.4    16    67     952    (-,-) 
  i_cpu/ex_stage_i/alu_i/g78623/ZN                                   -       A2->ZN F     NR2OPTPAD2BWP7T30P140       2  4.0    20    14     966    (-,-) 
  i_cpu/ex_stage_i/alu_i/g80465/ZN                                   -       B1->ZN R     IND2OPTPAD4BWP7T30P140      1  1.9    10    12     978    (-,-) 
  i_cpu/ex_stage_i/alu_i/g78621/ZN                                   -       B->ZN  F     OAI211D4BWP7T30P140         3  4.4    38    27    1005    (-,-) 
  i_cpu/ex_stage_i/branch_unit_i/g5614/ZN                            -       B1->ZN R     INR2D4BWP7T30P140           1  3.1    22    23    1028    (-,-) 
  i_cpu/ex_stage_i/branch_unit_i/g5339/ZN                            -       A1->ZN F     NR2OPTPAD8BWP7T30P140      15 12.0    24    15    1043    (-,-) 
  i_cpu/issue_stage_i/i_scoreboard/g186194/ZN                        -       A1->ZN F     IND2OPTPAD4BWP7T30P140      3  4.0    17    25    1068    (-,-) 
  i_cpu/issue_stage_i/i_scoreboard/g12899/ZN                         -       A1->ZN R     NR2D3BWP7T30P140            4  4.5    30    23    1091    (-,-) 
  i_cpu/issue_stage_i/i_scoreboard/i_sel_rs1/g12660/ZN               -       A1->ZN R     IND2OPTPAD4BWP7T30P140      3  4.1    16    22    1113    (-,-) 
  i_cpu/issue_stage_i/i_scoreboard/i_sel_rs1/g12561/ZN               -       A1->ZN F     NR2D3BWP7T30P140            3  3.0    14    11    1124    (-,-) 
  i_cpu/issue_stage_i/i_scoreboard/i_sel_rs1/g12468/Z                -       A1->Z  F     CKAN2D4BWP7T30P140          5  5.4    13    24    1148    (-,-) 
  i_cpu/issue_stage_i/i_scoreboard/i_sel_rs1/g12360/ZN               -       A1->ZN R     ND2D2BWP7T30P140            1  1.5    14    11    1159    (-,-) 
  i_cpu/issue_stage_i/i_scoreboard/g3396/Z                           -       A1->Z  R     AN2D4BWP7T30P140            2  3.1    11    23    1182    (-,-) 
  i_cpu/issue_stage_i/i_issue_read_operands/g15644/ZN                -       A1->ZN F     AOI21OPTBD4BWP7T30P140      2  3.3    18    14    1196    (-,-) 
  i_cpu/issue_stage_i/i_issue_read_operands/g3/ZN                    -       A1->ZN F     IND3D1BWP7T30P140           1  1.4    36    33    1229    (-,-) 
  i_cpu/issue_stage_i/i_issue_read_operands/g16206/ZN                -       B2->ZN R     IND3D2BWP7T30P140           1  2.1    19    21    1250    (-,-) 
  i_cpu/issue_stage_i/i_issue_read_operands/g15322/ZN                -       A1->ZN F     OAI21OPTBD4BWP7T30P140      2  2.8    18    15    1265    (-,-) 
  i_cpu/issue_stage_i/i_issue_read_operands/g4798/ZN                 -       I->ZN  R     INVD4BWP7T30P140            2  2.8    10    11    1276    (-,-) 
  i_cpu/issue_stage_i/i_scoreboard/g186210/ZN                        -       B1->ZN F     IND2D4BWP7T30P140           2  5.6    23    17    1293    (-,-) 
  i_cpu/issue_stage_i/i_scoreboard/g183555/ZN                        -       I->ZN  R     INVD12BWP7T30P140           9 18.1    16    17    1310    (-,-) 
  i_cpu/issue_stage_i/i_scoreboard/g179714/ZN                        -       A1->ZN F     CKND2D8BWP7T30P140         12 11.6    24    18    1328    (-,-) 
  i_cpu/issue_stage_i/i_scoreboard/g178114/Z                         -       S->Z   R     MUX2D1BWP7T30P140           4  3.8    34    47    1376    (-,-) 
  i_cpu/issue_stage_i/i_scoreboard/g186257/Z                         -       B1->Z  R     AO22D1BWP7T30P140           1  2.2    22    40    1416    (-,-) 
  i_cpu/issue_stage_i/i_scoreboard/g177544/ZN                        -       A3->ZN F     NR3D2BWP7T30P140            1  2.5    19    20    1436    (-,-) 
  i_cpu/issue_stage_i/i_scoreboard/g177514/ZN                        -       A2->ZN R     NR2OPTPAD4BWP7T30P140       1  4.4    20    20    1455    (-,-) 
  i_cpu/issue_stage_i/i_scoreboard/g176512/ZN                        -       A1->ZN F     ND2OPTPAD12BWP7T30P140      8 16.0    21    18    1474    (-,-) 
  i_cpu/issue_stage_i/i_scoreboard/g175418/ZN                        -       B1->ZN R     OAI22D4BWP7T30P140          1  2.0    28    22    1496    (-,-) 
  i_cpu/issue_stage_i/i_scoreboard/g174792/ZN                        -       A1->ZN F     NR2D4BWP7T30P140            2  2.4    12    11    1507    (-,-) 
  i_cpu/issue_stage_i/i_scoreboard/g174209/ZN                        -       A1->ZN R     ND2D2BWP7T30P140            1  1.2    11    10    1517    (-,-) 
  i_cpu/issue_stage_i/i_scoreboard/RC_CG_HIER_INST118/RC_CGIC_INST/E -       -      R     CKLNQD1BWP7T30P140          1    -     -     0    1517    (-,-) 
#---------------------------------------------------------------------------------------------------------------------------------------------------------


